id,address
1,Suite 70
2,PO Box 55414
3,PO Box 2231
4,8th Floor
5,Apt 615
6,Apt 322
7,Room 1431
8,PO Box 90106
9,8th Floor
10,PO Box 92310
11,Apt 1124
12,Room 1281
13,8th Floor
14,Apt 1228
15,Room 863
16,PO Box 94298
17,PO Box 66221
18,Room 1757
19,PO Box 49659
20,Apt 25
21,Suite 58
22,Room 615
23,Suite 43
24,PO Box 77920
25,Apt 68
26,Apt 1867
27,PO Box 5871
28,Suite 59
29,Room 980
30,9th Floor
31,Suite 80
32,Apt 1831
33,Room 924
34,PO Box 24550
35,Apt 1993
36,PO Box 5616
37,Room 1862
38,Suite 12
39,PO Box 71895
40,Suite 1
41,Room 937
42,PO Box 95911
43,3rd Floor
44,Suite 74
45,9th Floor
46,Apt 1179
47,Apt 1692
48,PO Box 17338
49,PO Box 31647
50,Suite 1
51,Room 85
52,11th Floor
53,Apt 1949
54,Apt 584
55,Suite 78
56,Room 1830
57,1st Floor
58,Apt 383
59,Suite 25
60,3rd Floor
61,Room 1278
62,PO Box 83913
63,Apt 832
64,Suite 44
65,Suite 38
66,Room 149
67,12th Floor
68,Room 1999
69,PO Box 55768
70,PO Box 32405
71,Apt 1701
72,PO Box 17950
73,Apt 1263
74,Suite 99
75,Suite 84
76,Room 1498
77,16th Floor
78,Suite 31
79,Room 714
80,13th Floor
81,Room 745
82,Apt 511
83,4th Floor
84,Apt 1651
85,Suite 37
86,PO Box 55384
87,Room 1184
88,Apt 828
89,Apt 459
90,Room 1553
91,Room 400
92,Apt 1996
93,Apt 1914
94,Apt 503
95,Room 387
96,2nd Floor
97,Suite 31
98,Apt 537
99,PO Box 66815
100,13th Floor
101,Apt 1546
102,PO Box 96555
103,Room 657
104,PO Box 99787
105,PO Box 57143
106,Apt 914
107,Suite 23
108,Suite 1
109,Suite 54
110,Suite 66
111,Apt 521
112,Suite 70
113,Room 1381
114,Room 1673
115,Apt 646
116,Suite 85
117,Room 124
118,16th Floor
119,Suite 2
120,PO Box 96941
121,PO Box 87046
122,Suite 60
123,Suite 40
124,Suite 92
125,PO Box 50712
126,Apt 459
127,PO Box 4140
128,Suite 77
129,Room 970
130,14th Floor
131,PO Box 76356
132,11th Floor
133,Room 1198
134,Room 773
135,12th Floor
136,16th Floor
137,Room 849
138,Suite 53
139,Room 756
140,PO Box 54598
141,Room 1982
142,Apt 257
143,19th Floor
144,Suite 13
145,Room 1399
146,Room 637
147,Apt 1222
148,Suite 12
149,Room 1930
150,PO Box 7925
151,Room 1677
152,PO Box 75280
153,Suite 50
154,15th Floor
155,Suite 25
156,Suite 52
157,Suite 70
158,PO Box 9091
159,Suite 43
160,Suite 28
161,Room 258
162,Apt 1114
163,11th Floor
164,13th Floor
165,18th Floor
166,1st Floor
167,Room 1632
168,Suite 75
169,Room 1321
170,Suite 20
171,Room 460
172,Apt 338
173,2nd Floor
174,Suite 12
175,Suite 43
176,Room 1554
177,Suite 40
178,Apt 96
179,Suite 67
180,7th Floor
181,4th Floor
182,Room 764
183,PO Box 39483
184,Room 1575
185,Room 456
186,Apt 210
187,Apt 1356
188,Suite 5
189,Apt 1513
190,Apt 1495
191,11th Floor
192,Room 1645
193,PO Box 8331
194,1st Floor
195,Room 1085
196,Suite 96
197,PO Box 82259
198,PO Box 57101
199,Room 1986
200,Room 212
201,Suite 86
202,Suite 86
203,PO Box 51384
204,13th Floor
205,Suite 81
206,PO Box 3414
207,Apt 886
208,Apt 1520
209,Room 794
210,PO Box 12215
211,Room 1473
212,6th Floor
213,Suite 69
214,8th Floor
215,Suite 8
216,Apt 233
217,Suite 81
218,Suite 13
219,Apt 689
220,Suite 96
221,Apt 433
222,15th Floor
223,Room 1678
224,Apt 786
225,PO Box 81054
226,Apt 1468
227,16th Floor
228,4th Floor
229,Room 1826
230,Room 119
231,Room 960
232,Room 1105
233,Suite 31
234,PO Box 1430
235,17th Floor
236,Suite 7
237,PO Box 11344
238,12th Floor
239,11th Floor
240,20th Floor
241,10th Floor
242,Apt 246
243,PO Box 54160
244,PO Box 69124
245,Suite 16
246,9th Floor
247,Apt 1688
248,9th Floor
249,20th Floor
250,PO Box 91534
251,Apt 1241
252,Room 654
253,PO Box 30540
254,PO Box 65895
255,Room 1501
256,Apt 734
257,Apt 461
258,Suite 23
259,Room 1595
260,PO Box 31407
261,Suite 51
262,Room 1065
263,Room 1325
264,16th Floor
265,PO Box 19598
266,Apt 394
267,Suite 74
268,Room 442
269,Room 368
270,PO Box 68787
271,Suite 73
272,Apt 1174
273,PO Box 94691
274,Apt 907
275,Apt 833
276,2nd Floor
277,Apt 571
278,8th Floor
279,Room 641
280,Apt 457
281,Apt 302
282,8th Floor
283,Suite 59
284,Suite 44
285,PO Box 24170
286,4th Floor
287,Suite 18
288,Room 1446
289,Room 738
290,Apt 884
291,Room 214
292,Suite 55
293,Room 825
294,11th Floor
295,PO Box 28486
296,PO Box 55632
297,PO Box 34524
298,15th Floor
299,Room 772
300,PO Box 63624
301,Apt 1346
302,Suite 70
303,PO Box 44211
304,Apt 262
305,Apt 817
306,Room 983
307,Room 1492
308,PO Box 71167
309,Suite 97
310,Room 1807
311,PO Box 56284
312,17th Floor
313,20th Floor
314,Suite 81
315,11th Floor
316,Suite 3
317,Room 417
318,17th Floor
319,19th Floor
320,6th Floor
321,PO Box 97476
322,Suite 91
323,Room 928
324,Room 499
325,4th Floor
326,Suite 99
327,Apt 1935
328,Room 1266
329,11th Floor
330,Suite 20
331,8th Floor
332,Suite 38
333,Apt 183
334,18th Floor
335,Room 1942
336,Apt 1942
337,Apt 639
338,PO Box 36059
339,Room 1186
340,Suite 56
341,Apt 383
342,PO Box 48805
343,Room 1259
344,PO Box 87937
345,17th Floor
346,Suite 96
347,Apt 515
348,Room 1953
349,11th Floor
350,PO Box 57854
351,4th Floor
352,Apt 1627
353,Suite 32
354,Room 1541
355,Apt 350
356,Suite 85
357,PO Box 17517
358,7th Floor
359,Room 633
360,Apt 730
361,Room 724
362,PO Box 55680
363,10th Floor
364,Room 458
365,Room 1076
366,PO Box 57219
367,Suite 15
368,Suite 22
369,19th Floor
370,PO Box 99219
371,Room 1531
372,Room 243
373,3rd Floor
374,6th Floor
375,Room 435
376,Suite 19
377,Apt 1733
378,Apt 1700
379,13th Floor
380,Apt 726
381,Suite 25
382,PO Box 72868
383,Room 1418
384,PO Box 99788
385,PO Box 78980
386,PO Box 41276
387,PO Box 98412
388,7th Floor
389,PO Box 8888
390,Room 579
391,Suite 64
392,PO Box 80904
393,20th Floor
394,Room 673
395,11th Floor
396,12th Floor
397,Suite 22
398,Apt 299
399,Suite 1
400,Suite 66
401,PO Box 14124
402,Room 1938
403,Room 1281
404,Room 402
405,Suite 51
406,7th Floor
407,Apt 122
408,Room 1713
409,18th Floor
410,7th Floor
411,18th Floor
412,Apt 975
413,Suite 61
414,PO Box 76797
415,9th Floor
416,Suite 13
417,Suite 26
418,PO Box 36623
419,PO Box 79612
420,6th Floor
421,PO Box 64248
422,Room 1546
423,Suite 95
424,Room 1729
425,Suite 41
426,Apt 518
427,Apt 1835
428,Room 275
429,PO Box 63511
430,12th Floor
431,PO Box 60636
432,16th Floor
433,Suite 82
434,Suite 69
435,Room 608
436,Suite 33
437,7th Floor
438,9th Floor
439,Apt 418
440,Suite 62
441,Suite 19
442,PO Box 11889
443,Room 630
444,Room 709
445,PO Box 1834
446,Room 1804
447,Suite 48
448,Suite 70
449,Apt 252
450,Room 775
451,Room 175
452,Room 1389
453,PO Box 50020
454,Apt 354
455,Suite 23
456,Apt 1391
457,Suite 69
458,Room 1096
459,6th Floor
460,PO Box 94605
461,Suite 87
462,PO Box 42708
463,Room 1079
464,Apt 25
465,Apt 751
466,Apt 1788
467,Suite 59
468,9th Floor
469,17th Floor
470,Room 1832
471,Room 1112
472,Suite 36
473,6th Floor
474,Apt 559
475,Room 1160
476,20th Floor
477,Apt 1335
478,Suite 91
479,Room 1219
480,PO Box 63118
481,Apt 767
482,Apt 1131
483,Suite 23
484,Suite 66
485,Suite 1
486,Apt 1515
487,Apt 428
488,Apt 267
489,4th Floor
490,Apt 5
491,Suite 49
492,Suite 2
493,15th Floor
494,12th Floor
495,PO Box 65122
496,PO Box 89375
497,PO Box 74146
498,Apt 46
499,Apt 1625
500,Apt 1973
501,Apt 1329
502,4th Floor
503,Suite 92
504,PO Box 46713
505,Apt 1908
506,Apt 461
507,Apt 1573
508,Room 1651
509,PO Box 71796
510,Suite 78
511,1st Floor
512,Apt 220
513,19th Floor
514,Apt 1676
515,Room 1323
516,Apt 65
517,11th Floor
518,4th Floor
519,Apt 1049
520,Apt 146
521,Room 1938
522,Suite 56
523,Room 1894
524,Suite 70
525,Room 446
526,13th Floor
527,18th Floor
528,19th Floor
529,PO Box 41057
530,Suite 13
531,Suite 34
532,PO Box 17084
533,PO Box 79924
534,16th Floor
535,Room 501
536,PO Box 31962
537,Suite 21
538,Room 542
539,Apt 734
540,14th Floor
541,Room 1433
542,PO Box 9407
543,PO Box 2601
544,Suite 11
545,Room 133
546,Room 1024
547,Room 1727
548,PO Box 35061
549,Suite 80
550,PO Box 850
551,PO Box 95011
552,Apt 1359
553,Apt 668
554,Room 1195
555,Room 1212
556,2nd Floor
557,PO Box 42181
558,8th Floor
559,7th Floor
560,19th Floor
561,PO Box 84727
562,PO Box 12488
563,Apt 335
564,Room 190
565,Apt 35
566,11th Floor
567,Apt 1962
568,12th Floor
569,10th Floor
570,Room 497
571,Room 1940
572,PO Box 25961
573,5th Floor
574,Suite 84
575,Apt 1526
576,Room 396
577,8th Floor
578,Room 945
579,Suite 88
580,Suite 50
581,PO Box 6074
582,Room 158
583,Room 318
584,14th Floor
585,12th Floor
586,Suite 81
587,Room 1149
588,19th Floor
589,Apt 841
590,PO Box 95415
591,Apt 44
592,9th Floor
593,Suite 23
594,Apt 559
595,6th Floor
596,PO Box 8196
597,Apt 1353
598,12th Floor
599,19th Floor
600,Apt 1649
601,9th Floor
602,PO Box 66733
603,PO Box 62283
604,8th Floor
605,Room 1395
606,7th Floor
607,14th Floor
608,PO Box 47549
609,Suite 3
610,Suite 81
611,Apt 1494
612,Apt 605
613,Suite 68
614,12th Floor
615,Suite 17
616,Suite 97
617,Room 1776
618,Apt 194
619,12th Floor
620,PO Box 23402
621,Room 724
622,PO Box 43619
623,Room 321
624,Apt 1854
625,Room 1394
626,Suite 35
627,Apt 208
628,PO Box 72793
629,Apt 1529
630,19th Floor
631,Apt 1143
632,Room 1913
633,Apt 635
634,PO Box 93470
635,20th Floor
636,Apt 1789
637,PO Box 4415
638,Apt 1627
639,Room 769
640,Apt 647
641,Room 1068
642,Apt 597
643,Suite 18
644,Apt 961
645,Suite 24
646,Suite 75
647,Suite 20
648,Room 1424
649,2nd Floor
650,Suite 8
651,Suite 25
652,PO Box 29447
653,PO Box 57571
654,Suite 67
655,Room 904
656,Apt 1078
657,PO Box 20433
658,PO Box 11540
659,PO Box 39714
660,Apt 670
661,8th Floor
662,Suite 98
663,Suite 37
664,Room 549
665,PO Box 55255
666,Apt 1623
667,Room 832
668,Suite 98
669,Suite 85
670,Room 1401
671,PO Box 74752
672,Room 741
673,1st Floor
674,3rd Floor
675,PO Box 1804
676,5th Floor
677,5th Floor
678,Apt 829
679,Suite 82
680,Apt 134
681,PO Box 81245
682,Room 562
683,Room 610
684,Room 1204
685,6th Floor
686,PO Box 67973
687,Room 1335
688,Suite 42
689,Apt 1333
690,PO Box 36759
691,15th Floor
692,Suite 9
693,PO Box 91359
694,PO Box 54731
695,Room 1323
696,2nd Floor
697,Apt 985
698,Suite 21
699,1st Floor
700,Apt 216
701,Apt 650
702,Apt 1708
703,PO Box 98609
704,Apt 547
705,PO Box 56312
706,Room 560
707,PO Box 78557
708,Suite 25
709,2nd Floor
710,Suite 77
711,Room 574
712,Room 615
713,Suite 91
714,13th Floor
715,Suite 74
716,Room 1128
717,Room 1109
718,Room 237
719,20th Floor
720,Room 1135
721,Apt 793
722,Apt 1527
723,PO Box 33466
724,Suite 67
725,Room 1604
726,Room 1862
727,Apt 122
728,Room 1603
729,Suite 57
730,Apt 1769
731,PO Box 8717
732,Room 113
733,PO Box 73118
734,Room 1734
735,Room 280
736,7th Floor
737,PO Box 78832
738,Apt 905
739,Suite 81
740,PO Box 75596
741,PO Box 37491
742,Room 682
743,19th Floor
744,16th Floor
745,PO Box 71270
746,PO Box 99867
747,Apt 1986
748,Room 1900
749,Room 1460
750,6th Floor
751,Room 1351
752,Room 411
753,Suite 22
754,Apt 1331
755,Room 1121
756,Room 1597
757,PO Box 32283
758,Suite 49
759,PO Box 30523
760,PO Box 60985
761,Room 1090
762,3rd Floor
763,Apt 1488
764,Apt 789
765,Suite 1
766,Apt 1156
767,PO Box 48387
768,Suite 68
769,7th Floor
770,PO Box 44571
771,PO Box 29451
772,11th Floor
773,Suite 88
774,20th Floor
775,Suite 47
776,5th Floor
777,Apt 415
778,Apt 1452
779,15th Floor
780,11th Floor
781,Apt 342
782,Suite 6
783,Room 1194
784,PO Box 13057
785,10th Floor
786,PO Box 19200
787,PO Box 9347
788,17th Floor
789,Apt 27
790,Apt 69
791,4th Floor
792,10th Floor
793,Apt 601
794,13th Floor
795,Room 130
796,19th Floor
797,PO Box 89779
798,4th Floor
799,17th Floor
800,15th Floor
801,Apt 733
802,Suite 17
803,Suite 30
804,Room 1609
805,Suite 86
806,Apt 1361
807,PO Box 85866
808,Room 12
809,PO Box 87848
810,16th Floor
811,12th Floor
812,16th Floor
813,Room 259
814,2nd Floor
815,16th Floor
816,Room 1691
817,Apt 659
818,PO Box 65694
819,Apt 115
820,Room 1899
821,Room 1566
822,PO Box 72541
823,4th Floor
824,Room 1220
825,PO Box 22980
826,Suite 35
827,Apt 541
828,Apt 1544
829,Room 767
830,19th Floor
831,Suite 58
832,Room 1279
833,9th Floor
834,2nd Floor
835,PO Box 55772
836,Suite 67
837,Suite 93
838,PO Box 89070
839,10th Floor
840,PO Box 86638
841,PO Box 10961
842,Suite 77
843,Room 21
844,Apt 373
845,1st Floor
846,Suite 33
847,Suite 6
848,Apt 616
849,PO Box 25805
850,Room 460
851,Room 1802
852,Room 1560
853,Room 647
854,Suite 23
855,Suite 34
856,4th Floor
857,Apt 1616
858,7th Floor
859,16th Floor
860,Room 1914
861,Apt 155
862,Apt 897
863,Suite 95
864,3rd Floor
865,PO Box 1072
866,PO Box 42164
867,4th Floor
868,Apt 866
869,Room 1315
870,Apt 15
871,PO Box 35780
872,Apt 1253
873,PO Box 56141
874,6th Floor
875,11th Floor
876,Suite 86
877,Apt 302
878,Suite 5
879,PO Box 21278
880,Apt 1862
881,Apt 1549
882,PO Box 11091
883,Suite 24
884,Suite 7
885,Suite 65
886,Apt 1242
887,Room 496
888,PO Box 42767
889,Suite 45
890,Room 1481
891,Apt 1836
892,Apt 755
893,Apt 988
894,2nd Floor
895,Apt 972
896,16th Floor
897,PO Box 29074
898,PO Box 26800
899,Suite 61
900,Apt 1271
901,Room 358
902,PO Box 88598
903,Apt 223
904,PO Box 11011
905,15th Floor
906,Apt 991
907,Apt 1676
908,PO Box 58344
909,Apt 416
910,PO Box 49200
911,Room 1167
912,PO Box 98556
913,Apt 569
914,Suite 1
915,Room 1150
916,16th Floor
917,Room 1095
918,9th Floor
919,Apt 967
920,Apt 1319
921,Room 1374
922,7th Floor
923,Room 646
924,9th Floor
925,Apt 1318
926,Suite 15
927,PO Box 17046
928,Suite 22
929,Apt 213
930,PO Box 50652
931,Room 1061
932,19th Floor
933,18th Floor
934,Room 1467
935,PO Box 7213
936,PO Box 39358
937,Suite 19
938,Room 1042
939,Apt 299
940,Suite 26
941,PO Box 50505
942,Room 51
943,18th Floor
944,Room 191
945,Apt 231
946,Room 1276
947,15th Floor
948,Suite 25
949,PO Box 45476
950,Suite 22
951,PO Box 4542
952,5th Floor
953,PO Box 42061
954,Apt 192
955,Room 1780
956,Suite 62
957,Suite 8
958,Apt 1160
959,10th Floor
960,Room 1329
961,Apt 1003
962,Apt 1718
963,PO Box 33677
964,3rd Floor
965,Apt 1550
966,Suite 67
967,PO Box 25332
968,Room 405
969,Room 1922
970,PO Box 40735
971,PO Box 80005
972,Suite 68
973,Apt 1495
974,Room 245
975,PO Box 46106
976,Apt 1366
977,PO Box 45287
978,11th Floor
979,Suite 27
980,Room 1573
981,Suite 59
982,PO Box 83311
983,Suite 32
984,Apt 608
985,Suite 26
986,Suite 90
987,Room 1948
988,PO Box 79440
989,Apt 1746
990,Room 144
991,Apt 803
992,Room 731
993,6th Floor
994,PO Box 78172
995,Apt 589
996,Apt 1646
997,3rd Floor
998,16th Floor
999,Apt 355
1000,Room 1067
