id,name,email,gender,year
11.00,Ludvig Dunmuir,ldunmuira@mayoclinic.com,Male,1987.00
12.00,Nicolas Bolton,nboltonb@technorati.com,Male,1945.00
13.00,Devland Bruggen,dbruggenc@cargocollective.com,Male,1919.00
14.00,Arline Betham,abethamd@washington.edu,Female,1925.00
15.00,Robena Fust,rfuste@pinterest.com,Genderfluid,1981.00
16.00,Marcy Harm,mharmf@squarespace.com,Female,1907.00
17.00,Ahmad Maxsted,amaxstedg@answers.com,Male,1959.00
18.00,Layla Grissett,lgrissetth@csmonitor.com,Female,1952.00
19.00,Kira Warmisham,kwarmishami@nbcnews.com,Female,1998.00
20.00,Nettie Acors,nacorsj@addtoany.com,Female,2006.00
21.00,Derward Aronin,daronink@fema.gov,Male,1979.00
22.00,Anstice Haining,ahainingl@t-online.de,Female,1980.00
23.00,Tarra Keers,tkeersm@statcounter.com,Female,1950.00
24.00,Kayle Ceccoli,kceccolin@desdev.cn,Female,1962.00
25.00,Rockwell Winder,rwindero@cloudflare.com,Male,1991.00
26.00,Barnabe Lighton,blightonp@printfriendly.com,Genderfluid,1932.00
27.00,Kirsti Stollmeier,kstollmeierq@google.com,Female,1924.00
28.00,Harley Lomasney,hlomasneyr@unblog.fr,Male,1905.00
29.00,Kira Mitchelhill,kmitchelhills@blogs.com,Female,1988.00
30.00,Garreth Igoe,gigoet@smugmug.com,Male,2020.00
31.00,Arman Suff,asuffu@weibo.com,Male,2018.00
32.00,Stanton Steggles,sstegglesv@themeforest.net,Male,1900.00
33.00,Francesco Skullet,fskulletw@baidu.com,Non-binary,1949.00
34.00,Georgiana Filasov,gfilasovx@go.com,Female,1905.00
35.00,Corbet Raison,craisony@stanford.edu,Male,1995.00
36.00,Gnni Linfoot,glinfootz@google.co.uk,Female,2016.00
37.00,Jesse M'Quharg,jmquharg10@amazonaws.com,Female,1915.00
38.00,Tallia Acott,tacott11@arstechnica.com,Female,1911.00
39.00,Stella Rapper,srapper12@reuters.com,Female,1936.00
40.00,June Lightoller,jlightoller13@youku.com,Female,1978.00
41.00,Sebastiano Makey,smakey14@pinterest.com,Male,2017.00
42.00,Paulie Drinkall,pdrinkall15@squarespace.com,Male,1906.00
43.00,Hanna McCuaig,hmccuaig16@reference.com,Female,1979.00
44.00,Farrand Patrie,fpatrie17@g.co,Female,1938.00
45.00,Nahum Manchester,nmanchester18@fda.gov,Male,1914.00
46.00,Frazier Mallabund,fmallabund19@nbcnews.com,Male,2016.00
47.00,Elnora Giller,egiller1a@foxnews.com,Female,2005.00
48.00,Wayne Colleran,wcolleran1b@ycombinator.com,Male,1939.00
49.00,Alister Longstreeth,alongstreeth1c@sakura.ne.jp,Male,1987.00
50.00,Keene Brownlee,kbrownlee1d@cloudflare.com,Male,1942.00
51.00,Darci Andrassy,dandrassy1e@cornell.edu,Female,2020.00
52.00,Gratia Branwhite,gbranwhite1f@bing.com,Genderqueer,1976.00
53.00,Cyril Abson,cabson1g@bbc.co.uk,Male,2007.00
54.00,Shelly Botha,sbotha1h@smh.com.au,Female,1968.00
55.00,Walton Hollindale,whollindale1i@ucsd.edu,Male,1980.00
56.00,Charmaine Diggons,cdiggons1j@cam.ac.uk,Female,1941.00
57.00,Cammie Gilchrest,cgilchrest1k@ebay.co.uk,Female,1985.00
58.00,Frieda Tredger,ftredger1l@over-blog.com,Female,1952.00
59.00,Jaime Curtayne,jcurtayne1m@adobe.com,Female,1989.00
60.00,Francisca Laidlaw,flaidlaw1n@diigo.com,Female,1914.00
61.00,Susette Janek,sjanek1o@umich.edu,Non-binary,2016.00
62.00,Massimiliano Dimitrie,mdimitrie1p@umn.edu,Male,1918.00
63.00,Sidonnie Feld,sfeld1q@tumblr.com,Female,1910.00
64.00,Tessi Dunkley,tdunkley1r@nhs.uk,Female,1913.00
65.00,Murray Minette,mminette1s@wikia.com,Male,1911.00
66.00,Deane Covell,dcovell1t@multiply.com,Female,1923.00
67.00,Barnard Gowler,bgowler1u@stumbleupon.com,Male,2009.00
68.00,Vannie Gregg,vgregg1v@shareasale.com,Female,2000.00
69.00,Alexei MacSwayde,amacswayde1w@rediff.com,Male,1981.00
70.00,Verina Shillaker,vshillaker1x@simplemachines.org,Female,1988.00
71.00,Nadya Opy,nopy1y@is.gd,Female,1988.00
72.00,Mufi Drinkeld,mdrinkeld1z@e-recht24.de,Genderqueer,1911.00
73.00,Rey Reder,rreder20@mtv.com,Male,1913.00
74.00,Anabel Franscioni,afranscioni21@alexa.com,Female,1918.00
75.00,Lezlie Phizackerly,lphizackerly22@opera.com,Female,2001.00
76.00,Kenny Dring,kdring23@slashdot.org,Male,1919.00
77.00,Christophe Tinman,ctinman24@economist.com,Male,1959.00
78.00,Janifer Coombe,jcoombe25@digg.com,Female,1996.00
79.00,Duffy Haws,dhaws26@gravatar.com,Non-binary,1961.00
80.00,Chevalier Ledbetter,cledbetter27@springer.com,Male,1914.00
81.00,Rick Gockelen,rgockelen28@hhs.gov,Male,1910.00
82.00,Saudra Zavittieri,szavittieri29@npr.org,Female,1957.00
83.00,Lilah Andre,landre2a@nyu.edu,Female,1925.00
84.00,Hailey Swarbrigg,hswarbrigg2b@fotki.com,Male,1975.00
85.00,Steffen Grishukov,sgrishukov2c@qq.com,Male,1969.00
86.00,Blanca Clink,bclink2d@sun.com,Female,1961.00
87.00,Brien Elles,belles2e@scribd.com,Male,1932.00
88.00,Noble Tabrett,ntabrett2f@icq.com,Male,2016.00
89.00,Even Shailer,eshailer2g@google.pl,Male,1912.00
90.00,Hal Klimsch,hklimsch2h@parallels.com,Male,1958.00
91.00,Riobard Eddins,reddins2i@sfgate.com,Male,1947.00
92.00,Claudius Dowles,cdowles2j@yellowpages.com,Male,2018.00
93.00,Dix Kinmond,dkinmond2k@alibaba.com,Female,1988.00
94.00,Mathew Barrabeale,mbarrabeale2l@google.it,Male,1921.00
95.00,Ingra Tarver,itarver2m@admin.ch,Male,1926.00
96.00,Maressa Thurlbeck,mthurlbeck2n@goo.ne.jp,Female,1900.00
97.00,Vick Whimpenny,vwhimpenny2o@cocolog-nifty.com,Male,1945.00
98.00,Barron Plante,bplante2p@deliciousdays.com,Male,1978.00
99.00,Kirk Balme,kbalme2q@zimbio.com,Male,1993.00
100.00,Amii O'Lyhane,aolyhane2r@oakley.com,Female,1919.00
101.00,Chelsie Attewell,cattewell2s@barnesandnoble.com,Female,1956.00
102.00,Courtnay Fielden,cfielden2t@hatena.ne.jp,Agender,1917.00
103.00,Babara Linton,blinton2u@java.com,Female,1945.00
104.00,Vinny Grimbaldeston,vgrimbaldeston2v@vistaprint.com,Polygender,1995.00
105.00,Codie Lockhead,clockhead2w@amazon.de,Male,2011.00
106.00,Murvyn Coiley,mcoiley2x@last.fm,Male,2013.00
107.00,Amargo Lenthall,alenthall2y@alexa.com,Female,1942.00
108.00,Basilio McCarly,bmccarly2z@opera.com,Male,1918.00
109.00,Emmy Alexsandrev,ealexsandrev30@instagram.com,Female,1998.00
110.00,Sabrina Stiddard,sstiddard31@vimeo.com,Female,2011.00
111.00,Chryste Wroth,cwroth32@about.com,Female,1910.00
112.00,Sebastien Gander,sgander33@wsj.com,Male,1986.00
113.00,Irving Fedoronko,ifedoronko34@kickstarter.com,Male,1999.00
114.00,Casi Creaser,ccreaser35@phpbb.com,Female,1903.00
115.00,Dani Creddon,dcreddon36@europa.eu,Female,2004.00
116.00,Rosabella Balser,rbalser37@paypal.com,Female,1984.00
117.00,Wildon Bushen,wbushen38@zdnet.com,Male,1974.00
118.00,Hillery Ridel,hridel39@wikia.com,Male,1992.00
119.00,Godard Izzatt,gizzatt3a@diigo.com,Bigender,1977.00
120.00,Kristoffer Merredy,kmerredy3b@amazon.co.uk,Male,2006.00
121.00,Ewart Revitt,erevitt3c@booking.com,Male,1932.00
122.00,Isidor Doorey,idoorey3d@thetimes.co.uk,Male,1914.00
123.00,Rochell Siney,rsiney3e@example.com,Genderfluid,1961.00
124.00,Tina Drogan,tdrogan3f@e-recht24.de,Female,2006.00
125.00,Chrissie McColley,cmccolley3g@webs.com,Non-binary,1946.00
126.00,Corette Bortolutti,cbortolutti3h@baidu.com,Female,2006.00
127.00,Katuscha Applewhaite,kapplewhaite3i@wired.com,Female,1916.00
128.00,Andi Hort,ahort3j@wsj.com,Female,1999.00
129.00,Gregoor Sinott,gsinott3k@dailymail.co.uk,Male,1992.00
130.00,Kimmy Folca,kfolca3l@sfgate.com,Female,1909.00
131.00,Scarface Pitson,spitson3m@domainmarket.com,Male,2017.00
132.00,Uta Barwise,ubarwise3n@census.gov,Female,1913.00
133.00,Godard Lyptrit,glyptrit3o@so-net.ne.jp,Male,2003.00
134.00,Tabitha Kuhnhardt,tkuhnhardt3p@bbb.org,Female,1931.00
135.00,Ann-marie Collacombe,acollacombe3q@jigsy.com,Female,1904.00
136.00,Zackariah Beloe,zbeloe3r@vkontakte.ru,Male,1972.00
137.00,Felice Fipp,ffipp3s@flickr.com,Male,1995.00
138.00,Lothaire Scardifeild,lscardifeild3t@soundcloud.com,Male,1915.00
139.00,Cherice Wiffler,cwiffler3u@fotki.com,Female,1969.00
140.00,Carrol Rospars,crospars3v@ifeng.com,Male,2020.00
141.00,Grata Charpling,gcharpling3w@webmd.com,Female,1919.00
142.00,Valentijn Peacock,vpeacock3x@guardian.co.uk,Male,1963.00
143.00,Keriann Joselevitch,kjoselevitch3y@springer.com,Female,1973.00
144.00,Arvie Hayto,ahayto3z@chicagotribune.com,Male,1963.00
145.00,Micky Lyster,mlyster40@tuttocitta.it,Male,1957.00
146.00,Glory Houndesome,ghoundesome41@earthlink.net,Female,1965.00
147.00,Judye Fuzzens,jfuzzens42@ft.com,Female,1914.00
148.00,Jacklin Josland,jjosland43@smugmug.com,Female,1995.00
149.00,Letta Guerin,lguerin44@mediafire.com,Female,2006.00
150.00,Gus Ruffy,gruffy45@mit.edu,Female,1981.00
151.00,Winston Pollastrone,wpollastrone46@chronoengine.com,Male,1999.00
152.00,Fenelia Rissom,frissom47@marriott.com,Female,1967.00
153.00,Christabella Kuhlmey,ckuhlmey48@histats.com,Non-binary,1920.00
154.00,Yulma Boards,yboards49@surveymonkey.com,Male,1960.00
155.00,Charleen Frankom,cfrankom4a@google.nl,Female,1914.00
156.00,Reina Oyley,royley4b@ox.ac.uk,Female,1983.00
157.00,El Grieves,egrieves4c@spotify.com,Male,1975.00
158.00,Hugibert Blaylock,hblaylock4d@themeforest.net,Male,1966.00
159.00,Alyson Crewther,acrewther4e@illinois.edu,Female,1943.00
160.00,Jacenta Lindop,jlindop4f@ibm.com,Female,1975.00
161.00,Abelard Woffenden,awoffenden4g@nhs.uk,Genderqueer,1938.00
162.00,Antony Brandel,abrandel4h@qq.com,Male,2013.00
163.00,Boycey Sheerman,bsheerman4i@independent.co.uk,Male,2002.00
164.00,Lesley Beyer,lbeyer4j@msu.edu,Agender,1947.00
165.00,Elly Stadden,estadden4k@furl.net,Female,1969.00
166.00,Sheelagh Danzig,sdanzig4l@stumbleupon.com,Genderqueer,1976.00
167.00,Marlane Cotgrove,mcotgrove4m@qq.com,Female,1958.00
168.00,Ibby Caddick,icaddick4n@gmpg.org,Female,1953.00
169.00,Arleta Cowcha,acowcha4o@stumbleupon.com,Female,2009.00
170.00,Cammy Matas,cmatas4p@gov.uk,Male,1928.00
171.00,Corly O'Shields,coshields4q@ed.gov,Polygender,1907.00
172.00,Nealson Morbey,nmorbey4r@ning.com,Male,1907.00
173.00,Meggi Andrich,mandrich4s@fotki.com,Female,1930.00
174.00,Clay Huthart,chuthart4t@mlb.com,Male,1986.00
175.00,Dore Decourcy,ddecourcy4u@nbcnews.com,Genderqueer,1926.00
176.00,Trescha Gallgher,tgallgher4v@cocolog-nifty.com,Agender,1912.00
177.00,Irvine Curnick,icurnick4w@sfgate.com,Genderqueer,1976.00
178.00,Donnell Gittis,dgittis4x@tinypic.com,Male,1944.00
179.00,Gavin Balk,gbalk4y@plala.or.jp,Male,1914.00
180.00,Sherilyn Benbow,sbenbow4z@mail.ru,Female,2015.00
181.00,Teirtza Matfield,tmatfield50@multiply.com,Female,1976.00
182.00,Gothart Grimwade,ggrimwade51@yellowpages.com,Male,2015.00
183.00,Marion Gainsburgh,mgainsburgh52@eventbrite.com,Female,1923.00
184.00,Charmion Mowles,cmowles53@yolasite.com,Female,1957.00
185.00,Cissiee Marnes,cmarnes54@nbcnews.com,Female,1926.00
186.00,Merna Beazley,mbeazley55@mapy.cz,Female,1923.00
187.00,Sallie Deuss,sdeuss56@ning.com,Female,1903.00
188.00,Manon Ianson,mianson57@fotki.com,Female,1974.00
189.00,Clint O'Shiels,coshiels58@ameblo.jp,Male,1957.00
190.00,Ruggiero Roskelly,rroskelly59@go.com,Male,1987.00
191.00,Othelia Aldritt,oaldritt5a@tumblr.com,Female,1971.00
192.00,Flint Chell,fchell5b@purevolume.com,Male,1930.00
193.00,Gill Weldrick,gweldrick5c@senate.gov,Male,1982.00
194.00,Sondra Boman,sboman5d@yahoo.com,Female,1912.00
195.00,Vladimir Dore,vdore5e@engadget.com,Male,1923.00
196.00,Domingo Skea,dskea5f@yolasite.com,Male,1988.00
197.00,Hasheem Astlett,hastlett5g@gizmodo.com,Male,1930.00
198.00,Mona Phython,mphython5h@cbsnews.com,Female,2015.00
199.00,Jenda Zaczek,jzaczek5i@ask.com,Genderfluid,1925.00
200.00,Torey Raggatt,traggatt5j@springer.com,Female,1930.00
201.00,Miner Dunaway,mdunaway5k@yahoo.com,Male,1962.00
202.00,Valdemar Seebert,vseebert5l@nsw.gov.au,Male,1963.00
203.00,Amalita Garforth,agarforth5m@shop-pro.jp,Female,2001.00
204.00,Alvina Lowy,alowy5n@tamu.edu,Female,1982.00
205.00,Sigfried Grose,sgrose5o@miibeian.gov.cn,Male,1937.00
206.00,Wylma Iacovo,wiacovo5p@newsvine.com,Female,1975.00
207.00,Malina Burle,mburle5q@house.gov,Female,1911.00
208.00,Sauveur Orchart,sorchart5r@friendfeed.com,Male,1951.00
209.00,Nerta Fry,nfry5s@w3.org,Female,2015.00
210.00,Annabell Plewman,aplewman5t@purevolume.com,Female,1909.00
211.00,Gregor Lattie,glattie5u@gizmodo.com,Male,2002.00
212.00,Byrle Rehorek,brehorek5v@geocities.jp,Male,1965.00
213.00,Cad Issac,cissac5w@rediff.com,Male,1990.00
214.00,Archer LaBastida,alabastida5x@yandex.ru,Male,1911.00
215.00,Rosalinde Risson,rrisson5y@mlb.com,Genderfluid,1947.00
216.00,Kimmie Churly,kchurly5z@google.com.hk,Female,1915.00
217.00,Clemens Keston,ckeston60@wiley.com,Male,1962.00
218.00,Dominick Scopyn,dscopyn61@desdev.cn,Male,1982.00
219.00,Gabbie Hutcheon,ghutcheon62@narod.ru,Female,1950.00
220.00,Julina Carruth,jcarruth63@fema.gov,Female,2006.00
221.00,Bart Johnstone,bjohnstone64@sciencedaily.com,Agender,1979.00
222.00,Lainey Juliff,ljuliff65@abc.net.au,Female,1967.00
223.00,Mildrid Cosgrive,mcosgrive66@dedecms.com,Female,1941.00
224.00,Adlai Ettels,aettels67@google.com,Male,1936.00
225.00,Dore Halbeard,dhalbeard68@digg.com,Female,1983.00
226.00,Kissiah Esland,kesland69@nymag.com,Female,1934.00
227.00,Orelee Hourahan,ohourahan6a@qq.com,Female,1967.00
228.00,Zack Cron,zcron6b@cpanel.net,Male,1928.00
229.00,Guglielmo Moth,gmoth6c@google.co.uk,Male,1950.00
230.00,Giana Minshall,gminshall6d@dailymotion.com,Female,1974.00
231.00,Aloise Maruszewski,amaruszewski6e@nydailynews.com,Female,1919.00
232.00,Maegan Giannini,mgiannini6f@skype.com,Female,1943.00
233.00,Lyndel Vuittet,lvuittet6g@adobe.com,Female,1920.00
234.00,Spenser Sahlstrom,ssahlstrom6h@artisteer.com,Male,1919.00
235.00,Caterina Dametti,cdametti6i@gizmodo.com,Female,1975.00
236.00,Gilburt Roskrug,groskrug6j@scientificamerican.com,Male,1915.00
237.00,Quintina Lantuff,qlantuff6k@yandex.ru,Female,1973.00
238.00,Marchall Crosgrove,mcrosgrove6l@rambler.ru,Male,1973.00
239.00,Torey Holbarrow,tholbarrow6m@bizjournals.com,Male,1985.00
240.00,Giustina Dowry,gdowry6n@cloudflare.com,Female,1917.00
241.00,Shirley Blabie,sblabie6o@java.com,Female,2004.00
242.00,Christin Da Costa,cda6p@businesswire.com,Female,1958.00
243.00,Wendi Fidal,wfidal6q@last.fm,Female,1906.00
244.00,Jemie Cundy,jcundy6r@newyorker.com,Female,2011.00
245.00,Lettie Sneath,lsneath6s@ucoz.ru,Female,2002.00
246.00,Candra Frensch,cfrensch6t@whitehouse.gov,Female,1910.00
247.00,Joseph Berendsen,jberendsen6u@is.gd,Male,1967.00
248.00,Maryellen Driffill,mdriffill6v@epa.gov,Female,1914.00
249.00,Ellswerth O'Henery,eohenery6w@xing.com,Bigender,1928.00
250.00,Hallie Scotchmer,hscotchmer6x@hhs.gov,Polygender,1957.00
251.00,Daryle Pyzer,dpyzer6y@netscape.com,Male,1917.00
252.00,Kaja Dennehy,kdennehy6z@angelfire.com,Female,1961.00
253.00,Karim Grollmann,kgrollmann70@123-reg.co.uk,Male,2001.00
254.00,Angie Moreman,amoreman71@about.com,Female,1962.00
255.00,Maurizia Perin,mperin72@woothemes.com,Female,1999.00
256.00,Heloise Soule,hsoule73@sitemeter.com,Female,2019.00
257.00,Derick Becker,dbecker74@foxnews.com,Male,1938.00
258.00,Vinita Pakenham,vpakenham75@blog.com,Female,2016.00
259.00,Georgetta Monument,gmonument76@mysql.com,Female,2010.00
260.00,Kelsey MacNaughton,kmacnaughton77@ed.gov,Male,1943.00
261.00,Renado Paver,rpaver78@amazon.de,Male,1973.00
262.00,Esta Calderhead,ecalderhead79@tmall.com,Female,1955.00
263.00,Nara Scaplehorn,nscaplehorn7a@is.gd,Female,2020.00
264.00,Shel Faussett,sfaussett7b@illinois.edu,Female,1994.00
265.00,Miguela Terram,mterram7c@google.de,Female,1970.00
266.00,Lainey Riccelli,lriccelli7d@hostgator.com,Female,1925.00
267.00,Louisette Gelland,lgelland7e@freewebs.com,Female,1986.00
268.00,Jorgan Dik,jdik7f@slashdot.org,Male,2005.00
269.00,Laverne Weeks,lweeks7g@gov.uk,Female,1984.00
270.00,Deina Slevin,dslevin7h@slashdot.org,Female,1908.00
271.00,Cher Holley,cholley7i@hubpages.com,Female,1975.00
272.00,Langsdon Eastham,leastham7j@mit.edu,Male,1962.00
273.00,Bibby Pering,bpering7k@hugedomains.com,Female,1963.00
274.00,Christin Orniz,corniz7l@tumblr.com,Genderqueer,2015.00
275.00,Gregor Seabourne,gseabourne7m@go.com,Male,1923.00
276.00,Seymour Robun,srobun7n@princeton.edu,Genderqueer,1955.00
277.00,Rosene Roxburgh,rroxburgh7o@edublogs.org,Female,1918.00
278.00,Grace Gerretsen,ggerretsen7p@nature.com,Male,2016.00
279.00,Lucho Nowill,lnowill7q@sogou.com,Male,1918.00
280.00,Erin Dawdry,edawdry7r@github.com,Female,1915.00
281.00,Jillayne Steketee,jsteketee7s@1und1.de,Female,1961.00
282.00,Tilly Puckett,tpuckett7t@hc360.com,Female,1976.00
283.00,Yelena Bogey,ybogey7u@constantcontact.com,Female,2004.00
284.00,Nikolos Curragh,ncurragh7v@mysql.com,Male,1948.00
285.00,Archambault Dilawey,adilawey7w@sciencedaily.com,Polygender,1998.00
286.00,Katherine Scotchbrook,kscotchbrook7x@mlb.com,Female,1915.00
287.00,Tripp Maudson,tmaudson7y@imgur.com,Male,1916.00
288.00,Edin Duferie,eduferie7z@altervista.org,Female,1998.00
289.00,Torrey Baumert,tbaumert80@mashable.com,Male,1964.00
290.00,Corty Kittow,ckittow81@abc.net.au,Male,1924.00
291.00,Marketa Saban,msaban82@twitter.com,Female,1944.00
292.00,Emerson MacGraith,emacgraith83@patch.com,Male,1999.00
293.00,Keane Casement,kcasement84@i2i.jp,Male,2011.00
294.00,Broderic Silly,bsilly85@scribd.com,Male,1981.00
295.00,Timofei Kornilyev,tkornilyev86@163.com,Male,2012.00
296.00,Glyn Manville,gmanville87@networkadvertising.org,Male,1975.00
297.00,Harlie Dodell,hdodell88@reverbnation.com,Female,2014.00
298.00,Wyatan Ege,wege89@technorati.com,Male,1967.00
299.00,Sue Malden,smalden8a@wix.com,Female,1902.00
300.00,Aarcellus Bellelli,mbellelli8b@princeton.edu,Male,2020.00
301.00,Babbette Witchell,bwitchell8c@nba.com,Female,2011.00
302.00,Vic Nast,vnast8d@ovh.net,Male,1963.00
303.00,Case Colebourn,ccolebourn8e@bravesites.com,Male,1998.00
304.00,Merry Hapke,mhapke8f@bigcartel.com,Female,1962.00
305.00,Kimberlyn Champkin,kchampkin8g@answers.com,Female,1994.00
306.00,Lanae Paton,lpaton8h@boston.com,Female,2007.00
307.00,Ethelda O'Grada,eograda8i@cocolog-nifty.com,Female,1950.00
308.00,Rip Braybrooke,rbraybrooke8j@nhs.uk,Male,1961.00
309.00,Berty Weepers,bweepers8k@si.edu,Bigender,1906.00
310.00,Joelynn Wakelam,jwakelam8l@altervista.org,Female,1934.00
311.00,Kiersten Odgaard,kodgaard8m@wordpress.com,Female,2017.00
312.00,Merci Maling,mmaling8n@dell.com,Female,1920.00
313.00,Eolande Ferronier,eferronier8o@de.vu,Female,1928.00
314.00,Onida Crampin,ocrampin8p@fc2.com,Female,2010.00
315.00,Tessi Guly,tguly8q@cam.ac.uk,Female,2013.00
316.00,Andreana Disman,adisman8r@senate.gov,Female,1925.00
317.00,Catarina Thinn,cthinn8s@booking.com,Non-binary,1952.00
318.00,Allyce Fittall,afittall8t@cisco.com,Female,1930.00
319.00,Sean Skones,sskones8u@ask.com,Genderqueer,1981.00
320.00,Carlyn Newnham,cnewnham8v@ca.gov,Female,1941.00
321.00,Corrie Heathorn,cheathorn8w@europa.eu,Male,2017.00
322.00,Oliviero Florio,oflorio8x@exblog.jp,Bigender,1922.00
323.00,Stephannie Walcot,swalcot8y@theglobeandmail.com,Female,1956.00
324.00,Gibb Laurant,glaurant8z@imgur.com,Male,2019.00
325.00,Keelia Fawcitt,kfawcitt90@newsvine.com,Female,1936.00
326.00,Kassia Domenichini,kdomenichini91@utexas.edu,Female,1920.00
327.00,Regan Dibbe,rdibbe92@yellowbook.com,Female,1956.00
328.00,Glendon Magner,gmagner93@washingtonpost.com,Male,1940.00
329.00,Rianon Loney,rloney94@sciencedirect.com,Female,1986.00
330.00,Marita Platt,mplatt95@webmd.com,Bigender,1952.00
331.00,Jaime Scrivinor,jscrivinor96@harvard.edu,Female,1983.00
332.00,Aurelea Fosdyke,afosdyke97@moonfruit.com,Genderfluid,1904.00
333.00,Marylin Chastan,mchastan98@delicious.com,Female,1954.00
334.00,Sauncho Hempel,shempel99@meetup.com,Male,1954.00
335.00,Melony Darko,mdarko9a@addtoany.com,Genderfluid,1948.00
336.00,Thane Johnsey,tjohnsey9b@gmpg.org,Agender,1932.00
337.00,Ricky Klimczak,rklimczak9c@businesswire.com,Male,1968.00
338.00,Maurie Hickinbottom,mhickinbottom9d@ask.com,Male,1986.00
339.00,Gertrudis Senton,gsenton9e@squidoo.com,Female,1929.00
340.00,Ernesto Nel,enel9f@jigsy.com,Male,1917.00
341.00,Adela Ebbetts,aebbetts9g@youku.com,Female,1918.00
342.00,Arne Ashe,aashe9h@google.co.jp,Male,1944.00
343.00,Grata Ryland,gryland9i@bbc.co.uk,Female,1962.00
344.00,Eveleen Dredge,edredge9j@about.com,Genderqueer,1946.00
345.00,Crosby Plues,cplues9k@sogou.com,Male,2019.00
346.00,Erie Spata,espata9l@marriott.com,Male,1929.00
347.00,Annmaria Waite,awaite9m@accuweather.com,Female,1933.00
348.00,Vincent Kleingrub,vkleingrub9n@printfriendly.com,Male,1970.00
349.00,Jacquelynn Colbridge,jcolbridge9o@imdb.com,Female,1942.00
350.00,Sauveur Hunnicot,shunnicot9p@yahoo.com,Male,1952.00
351.00,Locke Melmore,lmelmore9q@istockphoto.com,Male,1901.00
352.00,Horacio Reader,hreader9r@ucsd.edu,Male,1967.00
353.00,Joleen Redgewell,jredgewell9s@gizmodo.com,Female,2004.00
354.00,Ugo Micklewicz,umicklewicz9t@mit.edu,Male,1933.00
355.00,Skylar Trounce,strounce9u@cbsnews.com,Male,1926.00
356.00,Howey Rief,hrief9v@bloomberg.com,Male,1936.00
357.00,Taylor McCarl,tmccarl9w@gmpg.org,Male,1930.00
358.00,Hannah Blease,hblease9x@gizmodo.com,Female,1964.00
359.00,Cindee Beale,cbeale9y@yellowbook.com,Female,1959.00
360.00,Alfons Basson,abasson9z@ow.ly,Male,1967.00
361.00,Joycelin MacCaghan,jmaccaghana0@devhub.com,Agender,1997.00
362.00,Dieter Rainton,draintona1@discuz.net,Male,1932.00
363.00,Padraic Nattriss,pnattrissa2@tmall.com,Male,1911.00
364.00,Benedicta Astin,bastina3@huffingtonpost.com,Polygender,1975.00
365.00,Tybie Carabet,tcarabeta4@zimbio.com,Female,1974.00
366.00,Jennifer McCurtain,jmccurtaina5@nymag.com,Female,1907.00
367.00,Gothart Speechly,gspeechlya6@oracle.com,Male,1909.00
368.00,Carlin Lazarus,clazarusa7@imgur.com,Female,1975.00
369.00,Matthias Riden,mridena8@mozilla.org,Male,1984.00
370.00,Marlowe Visco,mviscoa9@gmpg.org,Male,2008.00
371.00,Culley Prawle,cprawleaa@naver.com,Male,2007.00
372.00,Sayres Donati,sdonatiab@t-online.de,Male,2013.00
373.00,Giordano Ginie,gginieac@sphinn.com,Non-binary,2020.00
374.00,Hertha O'Hallihane,hohallihanead@china.com.cn,Female,2017.00
375.00,Hanna Message,hmessageae@zdnet.com,Female,1933.00
376.00,Alfred Bothram,abothramaf@go.com,Male,1941.00
377.00,Cinda Christian,cchristianag@utexas.edu,Genderqueer,1975.00
378.00,Barclay Basten,bbastenah@netlog.com,Male,1963.00
379.00,Una McIlreavy,umcilreavyai@kickstarter.com,Female,1983.00
380.00,Karoly Simonnin,ksimonninaj@networkadvertising.org,Female,2020.00
381.00,Minta Keighley,mkeighleyak@census.gov,Female,2011.00
382.00,Edmund Gages,egagesal@youku.com,Male,1956.00
383.00,Johnathan Ixer,jixeram@biblegateway.com,Male,1903.00
384.00,Paige Amott,pamottan@over-blog.com,Genderfluid,1954.00
385.00,Rees Carbry,rcarbryao@bluehost.com,Male,2007.00
386.00,Ulrica Brendish,ubrendishap@phoca.cz,Female,1995.00
387.00,Gerhardt Crowson,gcrowsonaq@xrea.com,Male,1901.00
388.00,Yetta Featenby,yfeatenbyar@mysql.com,Agender,1907.00
389.00,Jermain Hateley,jhateleyas@weebly.com,Male,1979.00
390.00,Carmella Blasgen,cblasgenat@disqus.com,Bigender,2008.00
391.00,Penny Noone,pnooneau@gmpg.org,Female,1992.00
392.00,Heda Cool,hcoolav@vimeo.com,Female,2019.00
393.00,Baily Dillintone,bdillintoneaw@whitehouse.gov,Male,2001.00
394.00,Mari Brasener,mbrasenerax@moonfruit.com,Female,1920.00
395.00,Cammy Sandells,csandellsay@163.com,Female,1985.00
396.00,Kathye Faudrie,kfaudrieaz@alibaba.com,Female,1941.00
397.00,Nicola Rodda,nroddab0@yellowbook.com,Female,2008.00
398.00,Nerte Weaben,nweabenb1@alexa.com,Non-binary,1939.00
399.00,Dunn Guppey,dguppeyb2@discovery.com,Male,1929.00
400.00,Gisela O'Hanlon,gohanlonb3@stanford.edu,Female,1948.00
401.00,Rocky Crutchley,rcrutchleyb4@google.com.au,Male,1909.00
402.00,Adan Passo,apassob5@sun.com,Female,2018.00
403.00,Chas Howland,chowlandb6@networkadvertising.org,Genderfluid,1981.00
404.00,Moishe Attwoul,mattwoulb7@youtube.com,Male,1923.00
405.00,Dimitri Burgyn,dburgynb8@geocities.com,Male,2010.00
406.00,Lionel Beauchamp,lbeauchampb9@freewebs.com,Male,1948.00
407.00,Cletus Romans,cromansba@cnn.com,Male,2003.00
408.00,Juli Storrie,jstorriebb@dedecms.com,Female,2019.00
409.00,Foss Franey,ffraneybc@tamu.edu,Male,1903.00
410.00,Hobey Cochet,hcochetbd@blinklist.com,Male,1980.00
411.00,Ariela Stearndale,astearndalebe@sakura.ne.jp,Female,1968.00
412.00,Augustine Messier,amessierbf@weather.com,Male,1953.00
413.00,Alexis Worboys,aworboysbg@de.vu,Agender,2011.00
414.00,Merrel Bolduc,mbolducbh@spiegel.de,Male,1955.00
415.00,Abran Rickards,arickardsbi@npr.org,Male,1984.00
416.00,Denney Wedlock,dwedlockbj@theguardian.com,Male,1951.00
417.00,Willis Lavalle,wlavallebk@facebook.com,Male,1960.00
418.00,Mersey Matashkin,mmatashkinbl@imageshack.us,Female,1903.00
419.00,Julie Casperri,jcasperribm@disqus.com,Female,1990.00
420.00,Flin Chadderton,fchaddertonbn@wordpress.org,Bigender,1969.00
421.00,Jori Sidebotham,jsidebothambo@sphinn.com,Female,1978.00
422.00,Larine Brightman,lbrightmanbp@paypal.com,Female,1959.00
423.00,Gay Huggens,ghuggensbq@icio.us,Male,1943.00
424.00,Josee FitzGeorge,jfitzgeorgebr@samsung.com,Female,1993.00
425.00,Melantha Karpman,mkarpmanbs@livejournal.com,Female,1974.00
426.00,Morganne Page,mpagebt@nps.gov,Female,1908.00
427.00,Rowney Cottem,rcottembu@bluehost.com,Male,1982.00
428.00,Erl Shieber,eshieberbv@oracle.com,Male,1905.00
429.00,Cordi Bilston,cbilstonbw@mapy.cz,Polygender,1947.00
430.00,Ferris Deval,fdevalbx@bbb.org,Male,1916.00
431.00,Nikos Jeanesson,njeanessonby@huffingtonpost.com,Male,1902.00
432.00,Nickie Retallick,nretallickbz@naver.com,Male,2001.00
433.00,Chris Hynde,chyndec0@freewebs.com,Male,2006.00
434.00,Cary Aldwich,caldwichc1@amazon.co.jp,Genderfluid,1983.00
435.00,Horst Juggings,hjuggingsc2@linkedin.com,Male,1929.00
436.00,Hartley Dowson,hdowsonc3@bbb.org,Male,1989.00
437.00,Curtis Boniface,cbonifacec4@devhub.com,Male,1982.00
438.00,Raphaela Jursch,rjurschc5@csmonitor.com,Female,2012.00
439.00,Lissie Woodall,lwoodallc6@amazon.de,Polygender,1915.00
440.00,Nickey Toten,ntotenc7@sakura.ne.jp,Male,1998.00
441.00,Anatollo Pahler,apahlerc8@apache.org,Male,1926.00
442.00,Frederic Rampley,frampleyc9@ustream.tv,Male,2004.00
443.00,Sayre Yearron,syearronca@blogspot.com,Male,1966.00
444.00,Joel Cunnane,jcunnanecb@ovh.net,Male,1942.00
445.00,Bondie Dowdall,bdowdallcc@posterous.com,Male,1921.00
446.00,Brion Sandiford,bsandifordcd@quantcast.com,Male,1933.00
447.00,Seline Fydo,sfydoce@ehow.com,Polygender,1962.00
448.00,Nero O'Bruen,nobruencf@wiley.com,Male,1902.00
449.00,Darnell Pizer,dpizercg@cisco.com,Male,1969.00
450.00,Dorey Mallinar,dmallinarch@sfgate.com,Male,1988.00
451.00,Tybalt Petren,tpetrenci@admin.ch,Male,1943.00
452.00,Hasheem Paszek,hpaszekcj@gov.uk,Male,1981.00
453.00,Nick Ivanin,nivaninck@mozilla.com,Male,2020.00
454.00,Caitrin Cattel,ccattelcl@theglobeandmail.com,Female,1950.00
455.00,Piper Ashby,pashbycm@last.fm,Female,2002.00
456.00,Lu Goodrick,lgoodrickcn@51.la,Female,2005.00
457.00,Rickey Barrowclough,rbarrowcloughco@scribd.com,Male,1952.00
458.00,Cindie Hein,cheincp@furl.net,Female,1954.00
459.00,Loy Filan,lfilancq@oracle.com,Male,1946.00
460.00,Clayborne Harcombe,charcombecr@ning.com,Male,1978.00
461.00,Delia Longstreeth,dlongstreethcs@examiner.com,Female,1901.00
462.00,Melany Pethybridge,mpethybridgect@narod.ru,Female,1944.00
463.00,Sawyer Cristol,scristolcu@1688.com,Male,2012.00
464.00,Vanya Baildon,vbaildoncv@cisco.com,Male,1970.00
465.00,Sapphira Ramelot,sramelotcw@oracle.com,Female,2006.00
466.00,Gery Ramshay,gramshaycx@google.co.jp,Male,2008.00
467.00,Pattin Pregal,ppregalcy@sfgate.com,Male,1943.00
468.00,Giffie Piercy,gpiercycz@prweb.com,Male,2020.00
469.00,Amii Leere,aleered0@constantcontact.com,Female,1948.00
470.00,Paige Sircomb,psircombd1@biglobe.ne.jp,Male,1908.00
471.00,Lizzy Cordery,lcorderyd2@shop-pro.jp,Female,2017.00
472.00,Esra Enriques,eenriquesd3@1und1.de,Male,2000.00
473.00,Will Cudworth,wcudworthd4@geocities.com,Male,1924.00
474.00,Ara Ceci,acecid5@php.net,Male,2004.00
475.00,Hamid Sawdon,hsawdond6@icq.com,Male,1981.00
476.00,Darcee Olander,dolanderd7@webmd.com,Female,2017.00
477.00,Justino Sleath,jsleathd8@house.gov,Male,1927.00
478.00,Ilyssa Busfield,ibusfieldd9@hatena.ne.jp,Female,1999.00
479.00,Leonerd Craigg,lcraiggda@parallels.com,Male,2005.00
480.00,Erinna Pinel,epineldb@moonfruit.com,Female,1991.00
481.00,Leigh Corrin,lcorrindc@rakuten.co.jp,Female,1994.00
482.00,Anallise Godart,agodartdd@mapy.cz,Female,2004.00
483.00,Cindelyn Smithen,csmithende@patch.com,Female,1952.00
484.00,Sutherland Klimecki,sklimeckidf@unesco.org,Male,1950.00
485.00,Edie Bawles,ebawlesdg@sfgate.com,Non-binary,1980.00
486.00,Verine Perez,vperezdh@marketwatch.com,Polygender,1991.00
487.00,Jeanette Ronisch,jronischdi@biblegateway.com,Female,1986.00
488.00,Sansone Banbrook,sbanbrookdj@bloomberg.com,Male,1967.00
489.00,Arlinda Jewers,ajewersdk@independent.co.uk,Female,1960.00
490.00,Elayne Feveryear,efeveryeardl@vimeo.com,Female,1928.00
491.00,Ram Sotheby,rsothebydm@amazon.de,Male,1907.00
492.00,Effie Fissenden,efissendendn@prnewswire.com,Female,1938.00
493.00,Moina Hovee,mhoveedo@moonfruit.com,Female,1999.00
494.00,Wilden Gallichiccio,wgallichicciodp@usnews.com,Male,1987.00
495.00,Bobette Danser,bdanserdq@archive.org,Female,1952.00
496.00,Caryl Clay,cclaydr@hexun.com,Male,2008.00
497.00,Kahaleel Messruther,kmessrutherds@amazon.co.jp,Male,1965.00
498.00,Massimiliano Sissens,msissensdt@symantec.com,Male,2020.00
499.00,Ardys Hancorn,ahancorndu@istockphoto.com,Female,2018.00
500.00,Dylan Bowditch,dbowditchdv@nasa.gov,Male,1915.00
501.00,Sorcha Kevern,skeverndw@blogspot.com,Female,1910.00
502.00,Barrett Doherty,bdohertydx@marriott.com,Genderqueer,2003.00
503.00,Johnathan Appleyard,jappleyarddy@goo.ne.jp,Male,2002.00
504.00,Willa Simao,wsimaodz@imdb.com,Female,1914.00
505.00,Clarey Ugo,cugoe0@spiegel.de,Female,1988.00
506.00,Howie Klaes,hklaese1@tripod.com,Genderfluid,1927.00
507.00,Petrina Steuhlmeyer,psteuhlmeyere2@163.com,Female,1974.00
508.00,Massimiliano Martinez,mmartineze3@columbia.edu,Male,1970.00
509.00,Marylin Mc Giffin,mmce4@theguardian.com,Genderqueer,1941.00
510.00,Ethelred Olesen,eolesene5@google.com,Male,1999.00
511.00,Abbe Cleave,acleavee6@myspace.com,Male,1964.00
512.00,Cherey Priest,cprieste7@alexa.com,Female,1944.00
513.00,Stefano Douberday,sdouberdaye8@buzzfeed.com,Male,1932.00
514.00,Cull Boocock,cboococke9@gnu.org,Male,1953.00
515.00,Tiler Haccleton,thaccletonea@hp.com,Male,1994.00
516.00,Antonina Tetford,atetfordeb@google.com.br,Female,1970.00
517.00,Marcello Fellman,mfellmanec@wiley.com,Male,2003.00
518.00,Osbourn Cockburn,ocockburned@uiuc.edu,Male,2003.00
519.00,Vittoria Klemensiewicz,vklemensiewiczee@github.io,Female,1998.00
520.00,Salomon Crolla,scrollaef@stanford.edu,Male,2006.00
521.00,Dallon Mulcahy,dmulcahyeg@chicagotribune.com,Male,1978.00
522.00,Annelise O'Nion,aonioneh@booking.com,Female,1929.00
523.00,Locke Delaney,ldelaneyei@photobucket.com,Male,1907.00
524.00,Buckie Proughten,bproughtenej@illinois.edu,Male,1950.00
525.00,Sarajane Northbridge,snorthbridgeek@imgur.com,Female,2017.00
526.00,Alma Lengthorn,alengthornel@netscape.com,Genderqueer,1977.00
527.00,Gradeigh Wyllis,gwyllisem@blogger.com,Male,1953.00
528.00,Egor Mazzeo,emazzeoen@ted.com,Polygender,2007.00
529.00,Sayres Cornil,scornileo@booking.com,Male,1970.00
530.00,Tucker Tenman,ttenmanep@nifty.com,Male,2008.00
531.00,Lazarus O'Cassidy,locassidyeq@stumbleupon.com,Male,1953.00
532.00,Idalia Fergusson,ifergussoner@qq.com,Female,1976.00
533.00,Malory Burgisi,mburgisies@mysql.com,Female,1977.00
534.00,Cindelyn Solloway,csollowayet@scientificamerican.com,Female,1966.00
535.00,Charmine Gabbidon,cgabbidoneu@last.fm,Female,1901.00
536.00,Dacia Lount,dlountev@ameblo.jp,Polygender,1984.00
537.00,Anitra Pude,apudeew@shareasale.com,Female,1913.00
538.00,Zak Kaines,zkainesex@freewebs.com,Genderqueer,1961.00
539.00,Devan Mosdell,dmosdelley@fc2.com,Agender,1995.00
540.00,Antonino Sterzaker,asterzakerez@cafepress.com,Male,2000.00
541.00,Rafaela Ellerbeck,rellerbeckf0@sohu.com,Female,1917.00
542.00,Ernie Caulliere,ecaullieref1@amazonaws.com,Male,2016.00
543.00,Jaye Espadater,jespadaterf2@xing.com,Male,1988.00
544.00,Bartel Dawidowsky,bdawidowskyf3@dion.ne.jp,Male,1937.00
545.00,Kirsti Clemes,kclemesf4@tuttocitta.it,Non-binary,1927.00
546.00,Katlin Lacrouts,klacroutsf5@biglobe.ne.jp,Female,1920.00
547.00,Ferdy MacGee,fmacgeef6@answers.com,Male,1933.00
548.00,Tobias Tomsett,ttomsettf7@jiathis.com,Male,1901.00
549.00,Richy McCritichie,rmccritichief8@yellowpages.com,Male,1936.00
550.00,Junette Ferreri,jferrerif9@alibaba.com,Female,1961.00
551.00,Christie Gayler,cgaylerfa@ucoz.com,Male,1993.00
552.00,Giulia Halwell,ghalwellfb@oakley.com,Female,1989.00
553.00,Trstram Jennaroy,tjennaroyfc@arizona.edu,Male,1987.00
554.00,Thomas Allden,talldenfd@hc360.com,Male,2016.00
555.00,Dulcinea Gottelier,dgottelierfe@slideshare.net,Female,1981.00
556.00,Neel Sherman,nshermanff@pcworld.com,Male,1940.00
557.00,Stephanus Shinefield,sshinefieldfg@bbc.co.uk,Male,1968.00
558.00,Mohandas Nodes,mnodesfh@theguardian.com,Male,1929.00
559.00,Coop Winning,cwinningfi@hp.com,Male,1902.00
560.00,Kristy Haskell,khaskellfj@paginegialle.it,Female,1986.00
561.00,Leroy Gollin,lgollinfk@usatoday.com,Male,1961.00
562.00,Dolli Swindley,dswindleyfl@cnn.com,Polygender,1927.00
563.00,Dell Rawdales,drawdalesfm@ucoz.com,Female,1944.00
564.00,Marshal Tesdale,mtesdalefn@indiatimes.com,Male,2012.00
565.00,Spence Granville,sgranvillefo@ustream.tv,Male,1964.00
566.00,Glen Turfes,gturfesfp@census.gov,Male,1999.00
567.00,Alvin Jessopp,ajessoppfq@barnesandnoble.com,Male,1920.00
568.00,Kingsley Klaaasen,kklaaasenfr@mapquest.com,Male,1962.00
569.00,Lizette Innman,linnmanfs@parallels.com,Female,2015.00
570.00,Lawrence Spilsted,lspilstedft@tmall.com,Male,1996.00
571.00,Gonzales Labin,glabinfu@rambler.ru,Male,1917.00
572.00,Charlotte Andreia,candreiafv@npr.org,Female,2000.00
573.00,Lenette McDougle,lmcdouglefw@netlog.com,Female,1928.00
574.00,Archaimbaud Bussetti,abussettifx@wikia.com,Male,1957.00
575.00,Roderic Smalles,rsmallesfy@g.co,Male,1911.00
576.00,Lindon Connolly,lconnollyfz@simplemachines.org,Male,1982.00
577.00,Leoine Lineker,llinekerg0@joomla.org,Female,1901.00
578.00,Gaspar Conrart,gconrartg1@earthlink.net,Male,1969.00
579.00,Fields Aps,fapsg2@bizjournals.com,Male,1993.00
580.00,Juanita MacGettigen,jmacgettigeng3@paginegialle.it,Female,1942.00
581.00,Phoebe Borton,pbortong4@mtv.com,Female,1945.00
582.00,Lorelle Garralts,lgarraltsg5@mediafire.com,Female,2011.00
583.00,Gorden Cubley,gcubleyg6@soup.io,Male,2018.00
584.00,Nikki Gurr,ngurrg7@liveinternet.ru,Female,1956.00
585.00,Joycelin Gozard,jgozardg8@mozilla.com,Female,1936.00
586.00,Kathye Pitson,kpitsong9@wiley.com,Female,1963.00
587.00,Craggy Rudsdell,crudsdellga@seesaa.net,Male,1971.00
588.00,Sigrid Valance,svalancegb@mapquest.com,Female,1997.00
589.00,Yorker Gibard,ygibardgc@lycos.com,Male,2014.00
590.00,Ernestine Mayworth,emayworthgd@shop-pro.jp,Female,1981.00
591.00,Lilias von Nassau,lvonge@i2i.jp,Female,1944.00
592.00,Pace Havers,phaversgf@ibm.com,Male,1947.00
593.00,Bonnibelle Megany,bmeganygg@netvibes.com,Female,2002.00
594.00,Eachelle Barreau,ebarreaugh@nymag.com,Female,2002.00
595.00,Ashla Lippett,alippettgi@cnn.com,Female,1907.00
596.00,Britteny Sprasen,bsprasengj@washington.edu,Female,2013.00
597.00,Basil Cordery,bcorderygk@opera.com,Male,2000.00
598.00,Jocko Cochet,jcochetgl@harvard.edu,Male,1917.00
599.00,Katti Rideout,krideoutgm@ovh.net,Female,1926.00
600.00,Maire Alflatt,malflattgn@yellowbook.com,Female,1945.00
601.00,Duke Alyonov,dalyonovgo@phpbb.com,Male,1945.00
602.00,Nickolas Smeaton,nsmeatongp@mtv.com,Male,1950.00
603.00,Allen Thunders,athundersgq@live.com,Male,1950.00
604.00,Roderic Moncur,rmoncurgr@ehow.com,Male,1987.00
605.00,Frederich Nutter,fnuttergs@mapy.cz,Male,1965.00
606.00,Ardelis Spink,aspinkgt@flickr.com,Female,2013.00
607.00,Claudina Harm,charmgu@vinaora.com,Female,2008.00
608.00,Effie Storer,estorergv@lulu.com,Female,1955.00
609.00,Garnette Greenard,ggreenardgw@furl.net,Female,1911.00
610.00,Camey Hacun,chacungx@columbia.edu,Male,1992.00
611.00,Corinna De Biasi,cdegy@weebly.com,Female,1952.00
612.00,Janaye Kays,jkaysgz@google.com.hk,Female,1930.00
613.00,Stuart McCray,smccrayh0@oaic.gov.au,Male,1969.00
614.00,Bellina Freda,bfredah1@over-blog.com,Female,1908.00
615.00,Isabelita Coolson,icoolsonh2@google.fr,Female,1962.00
616.00,Alexei Cooch,acoochh3@springer.com,Male,1955.00
617.00,Juan Schneidau,jschneidauh4@bloglovin.com,Male,1989.00
618.00,Julissa Thrasher,jthrasherh5@google.ru,Female,1911.00
619.00,Cecilla Melliard,cmelliardh6@nature.com,Female,1947.00
620.00,Josias Grelik,jgrelikh7@house.gov,Male,1955.00
621.00,Reagen Sclanders,rsclandersh8@ustream.tv,Non-binary,2015.00
622.00,Dew Larby,dlarbyh9@msn.com,Male,1920.00
623.00,Kameko Bolesworth,kbolesworthha@businessinsider.com,Female,2001.00
624.00,Dahlia Osban,dosbanhb@hc360.com,Female,1901.00
625.00,Stacy Hayler,shaylerhc@intel.com,Male,1957.00
626.00,Devondra Lange,dlangehd@github.com,Female,1998.00
627.00,Camila Ortes,corteshe@privacy.gov.au,Female,2012.00
628.00,Hetty Waterdrinker,hwaterdrinkerhf@phpbb.com,Female,1937.00
629.00,Pierrette Harvett,pharvetthg@theatlantic.com,Bigender,1987.00
630.00,Paige Berthome,pberthomehh@t.co,Male,1966.00
631.00,Percy Gorling,pgorlinghi@cdc.gov,Male,1911.00
632.00,Mil Dyer,mdyerhj@shinystat.com,Female,1953.00
633.00,Irma Hazeldene,ihazeldenehk@wordpress.org,Female,1978.00
634.00,Bryan Twinbourne,btwinbournehl@ebay.co.uk,Male,2009.00
635.00,Riley Capelle,rcapellehm@networkadvertising.org,Genderfluid,2019.00
636.00,Magdalene Vicarey,mvicareyhn@scientificamerican.com,Female,1965.00
637.00,Blinni Hehir,bhehirho@google.com.br,Female,1935.00
638.00,Olin Attew,oattewhp@pen.io,Male,1946.00
639.00,Stephi Wichard,swichardhq@wordpress.com,Female,1943.00
640.00,Teodor Feldhuhn,tfeldhuhnhr@omniture.com,Male,1929.00
641.00,Rosemarie De Micoli,rdehs@nih.gov,Female,1922.00
642.00,Zonda Connick,zconnickht@weebly.com,Female,2009.00
643.00,Carlyn Innot,cinnothu@list-manage.com,Genderqueer,1937.00
644.00,Erina Sandilands,esandilandshv@histats.com,Female,1959.00
645.00,Trescha Knifton,tkniftonhw@sourceforge.net,Female,1940.00
646.00,Orion Lumly,olumlyhx@nytimes.com,Male,1938.00
647.00,Dexter Coalburn,dcoalburnhy@yahoo.co.jp,Male,1997.00
648.00,Zollie Whaymand,zwhaymandhz@dropbox.com,Agender,1991.00
649.00,Horton Pezey,hpezeyi0@dion.ne.jp,Male,1961.00
650.00,Sadye Michelet,smicheleti1@arstechnica.com,Female,1991.00
651.00,Osborne Brolly,obrollyi2@cocolog-nifty.com,Male,1987.00
652.00,Frazier Derle,fderlei3@domainmarket.com,Male,1984.00
653.00,Nonah Osbourn,nosbourni4@stumbleupon.com,Female,1943.00
654.00,Briney Maling,bmalingi5@unicef.org,Female,1930.00
655.00,Mendel Glanders,mglandersi6@liveinternet.ru,Male,2015.00
656.00,Thurstan Calverd,tcalverdi7@miitbeian.gov.cn,Male,1961.00
657.00,Harbert Zecchii,hzecchiii8@mediafire.com,Male,1922.00
658.00,Frederica Lindenbluth,flindenbluthi9@indiegogo.com,Female,1909.00
659.00,Betsy Carling,bcarlingia@last.fm,Female,1948.00
660.00,Murdock MacAlees,mmacaleesib@comcast.net,Genderfluid,1946.00
661.00,Corinna Scholes,cscholesic@wikimedia.org,Female,1991.00
662.00,Suzanne Van Halen,svanid@blogtalkradio.com,Genderqueer,2006.00
663.00,Raul Trewhitt,rtrewhittie@blogger.com,Agender,1972.00
664.00,Sherlocke Proback,sprobackif@blogtalkradio.com,Male,2000.00
665.00,Daniele Raine,draineig@paypal.com,Female,1937.00
666.00,Aleta Sarjeant,asarjeantih@weather.com,Female,1933.00
667.00,Ric Grouvel,rgrouvelii@netlog.com,Male,2007.00
668.00,Gunner Baunton,gbauntonij@domainmarket.com,Male,1958.00
669.00,Auroora Wanklyn,awanklynik@diigo.com,Genderfluid,1965.00
670.00,Janeva Aldie,jaldieil@buzzfeed.com,Female,1970.00
671.00,Rusty Senechault,rsenechaultim@godaddy.com,Male,1955.00
672.00,Florence O'Scanlon,foscanlonin@indiatimes.com,Female,1996.00
673.00,Pet Gwillym,pgwillymio@blog.com,Female,1909.00
674.00,Ahmed Feore,afeoreip@disqus.com,Male,1958.00
675.00,Dickie Montford,dmontfordiq@freewebs.com,Male,1951.00
676.00,Adolphus Uc,aucir@rakuten.co.jp,Male,1946.00
677.00,Lorna Stow,lstowis@ebay.com,Female,2015.00
678.00,Thurston Woodier,twoodierit@google.fr,Male,1915.00
679.00,Shem Brecknall,sbrecknalliu@cnbc.com,Male,1982.00
680.00,Minette Dubble,mdubbleiv@guardian.co.uk,Female,1934.00
681.00,Broddy Wetherick,bwetherickiw@privacy.gov.au,Male,1999.00
682.00,Laurena Took,ltookix@lulu.com,Non-binary,2014.00
683.00,Lotty Skitteral,lskitteraliy@elpais.com,Female,1936.00
684.00,Tamiko Rubinovitsch,trubinovitschiz@geocities.jp,Female,1992.00
685.00,Cale Stovin,cstovinj0@webmd.com,Bigender,1906.00
686.00,Kipp Rampley,krampleyj1@51.la,Female,1943.00
687.00,Tobit Starbuck,tstarbuckj2@hatena.ne.jp,Male,1957.00
688.00,Caroline Jedrzejkiewicz,cjedrzejkiewiczj3@ucla.edu,Female,1925.00
689.00,Haily Tims,htimsj4@zdnet.com,Male,2013.00
690.00,Agnese Linnemann,alinnemannj5@squidoo.com,Female,1941.00
691.00,Leone Mardle,lmardlej6@umn.edu,Female,1963.00
692.00,Charla Cruikshanks,ccruikshanksj7@mashable.com,Female,1915.00
693.00,Nesta Gabitis,ngabitisj8@mapy.cz,Female,1907.00
694.00,Nadya Allchorn,nallchornj9@webs.com,Female,2008.00
695.00,Taryn Bricknall,tbricknallja@shop-pro.jp,Female,1949.00
696.00,Gracie Tregent,gtregentjb@chron.com,Female,2018.00
697.00,Aubrie Thomson,athomsonjc@diigo.com,Female,1968.00
698.00,Frazier Vaux,fvauxjd@ucoz.ru,Male,1979.00
699.00,Wilfrid Linde,wlindeje@posterous.com,Male,1927.00
700.00,Ram Belfrage,rbelfragejf@pinterest.com,Male,1994.00
701.00,Hubie Toffano,htoffanojg@etsy.com,Male,1941.00
702.00,Shellie Sivills,ssivillsjh@biblegateway.com,Female,1918.00
703.00,Bourke Tynewell,btynewellji@mayoclinic.com,Male,1977.00
704.00,Jelene Farnworth,jfarnworthjj@imageshack.us,Female,1940.00
705.00,Toni Popplestone,tpopplestonejk@blogs.com,Female,1963.00
706.00,Ashley Cumo,acumojl@booking.com,Female,1973.00
707.00,Raquela Lerohan,rlerohanjm@rediff.com,Female,1990.00
708.00,Eamon Hoxey,ehoxeyjn@blinklist.com,Male,2019.00
709.00,Corny Ghilardini,cghilardinijo@wordpress.com,Non-binary,1920.00
710.00,Gus Dudbridge,gdudbridgejp@mlb.com,Male,1986.00
711.00,Trevor Skidmore,tskidmorejq@nih.gov,Male,1928.00
712.00,Padraig Cudd,pcuddjr@uol.com.br,Male,2010.00
713.00,Randee Clelland,rclellandjs@creativecommons.org,Female,1929.00
714.00,Cori O'Rourke,corourkejt@geocities.com,Male,2016.00
715.00,Edgardo Messiter,emessiterju@theatlantic.com,Male,1977.00
716.00,Karlie Aldous,kaldousjv@sciencedirect.com,Female,1960.00
717.00,Giovanni Handke,ghandkejw@hugedomains.com,Male,1900.00
718.00,Teddy Edmeades,tedmeadesjx@nih.gov,Female,1936.00
719.00,Rickie Vautier,rvautierjy@fastcompany.com,Male,1928.00
720.00,Eloise McNeilley,emcneilleyjz@bandcamp.com,Female,1911.00
721.00,Trever Arniz,tarnizk0@huffingtonpost.com,Male,1967.00
722.00,Archibold Dearan,adearank1@netvibes.com,Male,1940.00
723.00,Mariya Andrus,mandrusk2@deviantart.com,Genderfluid,1997.00
724.00,Eleonore Veevers,eveeversk3@google.es,Female,2002.00
725.00,Eward Putland,eputlandk4@sohu.com,Male,1954.00
726.00,Whitaker Maffeo,wmaffeok5@microsoft.com,Male,2002.00
727.00,Willem Drohun,wdrohunk6@cafepress.com,Male,1965.00
728.00,Heywood Strettle,hstrettlek7@intel.com,Polygender,2016.00
729.00,Charita Bohlje,cbohljek8@freewebs.com,Female,1964.00
730.00,Kirsti Alden,kaldenk9@usatoday.com,Female,1949.00
731.00,Rosco McLean,rmcleanka@ow.ly,Male,1980.00
732.00,Miguela Couve,mcouvekb@cnbc.com,Female,1981.00
733.00,Felice Lacknor,flacknorkc@tripod.com,Female,1932.00
734.00,Simonne Baldam,sbaldamkd@cnn.com,Female,1956.00
735.00,Skippy Scola,sscolake@springer.com,Male,2001.00
736.00,Brok Birtwhistle,bbirtwhistlekf@washingtonpost.com,Genderfluid,1976.00
737.00,Cazzie Bouskill,cbouskillkg@artisteer.com,Male,1919.00
738.00,Elfrida Loan,eloankh@dot.gov,Female,1968.00
739.00,Benedicto Gammack,bgammackki@gnu.org,Male,1959.00
740.00,Jacquette Borwick,jborwickkj@mit.edu,Female,1923.00
741.00,Mariska Pfeuffer,mpfeufferkk@theglobeandmail.com,Female,2006.00
742.00,Marin Krug,mkrugkl@cbc.ca,Female,1903.00
743.00,Salomone Bourbon,sbourbonkm@scientificamerican.com,Male,2007.00
744.00,Cherilynn Schapiro,cschapirokn@seesaa.net,Genderfluid,1918.00
745.00,Shanan Crighten,scrightenko@smugmug.com,Male,1965.00
746.00,Shir Gainsbury,sgainsburykp@archive.org,Female,2015.00
747.00,Shaylyn Macy,smacykq@fda.gov,Female,1924.00
748.00,Grace Cousin,gcousinkr@exblog.jp,Male,1966.00
749.00,Cecile Ghiraldi,cghiraldiks@jiathis.com,Female,2020.00
750.00,Leah Tuting,ltutingkt@prweb.com,Female,1993.00
751.00,Angela McClay,amcclayku@bravesites.com,Female,1977.00
752.00,Lewie Pfaff,lpfaffkv@wordpress.com,Male,1900.00
753.00,Cart Messiter,cmessiterkw@oakley.com,Male,1900.00
754.00,Ingmar McMoyer,imcmoyerkx@slate.com,Male,1905.00
755.00,Sonnnie Fandrich,sfandrichky@pbs.org,Female,1934.00
756.00,Clive Andreotti,candreottikz@last.fm,Male,1971.00
757.00,Roger Kynge,rkyngel0@statcounter.com,Genderqueer,1976.00
758.00,Bernette Jenkinson,bjenkinsonl1@cargocollective.com,Polygender,2010.00
759.00,Karl Gretham,kgrethaml2@clickbank.net,Male,1916.00
760.00,Nanny Gritsaev,ngritsaevl3@dot.gov,Female,1905.00
761.00,Kathi Kestian,kkestianl4@oracle.com,Female,1935.00
762.00,Conroy Giorgietto,cgiorgiettol5@yellowbook.com,Male,2005.00
763.00,Denna Sherbrook,dsherbrookl6@psu.edu,Female,1989.00
764.00,Garth Mattioni,gmattionil7@1688.com,Male,1981.00
765.00,Andris Marron,amarronl8@mozilla.com,Male,2003.00
766.00,Obadias Chittim,ochittiml9@vkontakte.ru,Male,1975.00
767.00,Ronnie Fermoy,rfermoyla@abc.net.au,Female,1944.00
768.00,Lynette Durrans,ldurranslb@de.vu,Female,1993.00
769.00,Gerrie Dufer,gduferlc@unesco.org,Female,2020.00
770.00,Abran Alyonov,aalyonovld@xrea.com,Male,2010.00
771.00,Sydney Grinley,sgrinleyle@usatoday.com,Male,1964.00
772.00,Rochester Tschersich,rtschersichlf@illinois.edu,Male,1906.00
773.00,Gusti Brixey,gbrixeylg@xinhuanet.com,Female,1991.00
774.00,Irena Wightman,iwightmanlh@studiopress.com,Female,1917.00
775.00,Dasha Lowson,dlowsonli@berkeley.edu,Female,1970.00
776.00,Magdalene Gergus,mgerguslj@hao123.com,Genderqueer,2006.00
777.00,Merrick Flintuff,mflintufflk@patch.com,Bigender,2011.00
778.00,Daren Zucker,dzuckerll@about.com,Male,1984.00
779.00,Jennifer Stother,jstotherlm@yelp.com,Female,1904.00
780.00,Amalee Benedick,abenedickln@ustream.tv,Female,2006.00
781.00,Julissa Tamblingson,jtamblingsonlo@nasa.gov,Non-binary,2008.00
782.00,Karita Burchill,kburchilllp@wired.com,Female,1910.00
783.00,Tabbie Woodwin,twoodwinlq@com.com,Female,1953.00
784.00,Carline Mibourne,cmibournelr@newsvine.com,Female,1947.00
785.00,Blaire Nuccii,bnucciils@cam.ac.uk,Female,2001.00
786.00,Howie Coope,hcoopelt@who.int,Male,2016.00
787.00,Hamilton Como,hcomolu@dagondesign.com,Male,1980.00
788.00,Lorrin Crichmer,lcrichmerlv@w3.org,Female,1970.00
789.00,Roger Leinthall,rleinthalllw@youku.com,Male,1915.00
790.00,Andros Blamey,ablameylx@i2i.jp,Non-binary,1974.00
791.00,Johnna McCready,jmccreadyly@bloomberg.com,Genderfluid,1991.00
792.00,Othello Collyns,ocollynslz@yolasite.com,Male,1944.00
793.00,Waverley Ferrario,wferrariom0@mediafire.com,Male,1949.00
794.00,Mechelle Luce,mlucem1@yandex.ru,Female,1952.00
795.00,Wiley Headland,wheadlandm2@quantcast.com,Male,1915.00
796.00,Kipp Lowther,klowtherm3@ask.com,Male,1930.00
797.00,Farly Kirtley,fkirtleym4@blogger.com,Male,1990.00
798.00,Crawford Adderley,cadderleym5@narod.ru,Male,1913.00
799.00,Maximilian Yekel,myekelm6@eepurl.com,Male,2002.00
800.00,Clarinda Downse,cdownsem7@woothemes.com,Female,2003.00
801.00,Erwin Herion,eherionm8@hatena.ne.jp,Male,1981.00
802.00,Solomon Langtree,slangtreem9@google.nl,Male,1938.00
803.00,Beverie Rolph,brolphma@ycombinator.com,Non-binary,1973.00
804.00,Nan Farncombe,nfarncombemb@hao123.com,Female,1981.00
805.00,Simona Breen,sbreenmc@guardian.co.uk,Polygender,1930.00
806.00,Cathlene Manuel,cmanuelmd@miibeian.gov.cn,Female,1947.00
807.00,Daisi Horry,dhorryme@wikipedia.org,Female,2012.00
808.00,Denys Fermer,dfermermf@dyndns.org,Female,1931.00
809.00,Olivie Kleinplatz,okleinplatzmg@reverbnation.com,Female,2009.00
810.00,Lesli Clue,lcluemh@taobao.com,Female,1995.00
811.00,Moss MacDiarmid,mmacdiarmidmi@google.ru,Male,1915.00
812.00,Chancey Puve,cpuvemj@livejournal.com,Male,2003.00
813.00,Lorri Obbard,lobbardmk@w3.org,Female,1922.00
814.00,Deloria Fairholme,dfairholmeml@sfgate.com,Female,1957.00
815.00,Dyna Tabert,dtabertmm@wikimedia.org,Female,1976.00
816.00,Aurore Davidzon,adavidzonmn@icio.us,Female,1947.00
817.00,Thor Eagger,teaggermo@histats.com,Genderfluid,1943.00
818.00,Worth Siley,wsileymp@google.es,Male,1996.00
819.00,Tanya Tradewell,ttradewellmq@toplist.cz,Female,2020.00
820.00,Hermon Agates,hagatesmr@yale.edu,Male,1946.00
821.00,Zilvia Sorbie,zsorbiems@vk.com,Female,1938.00
822.00,Ferdinand Borge,fborgemt@nasa.gov,Male,1996.00
823.00,Elsworth Ovesen,eovesenmu@bravesites.com,Male,1912.00
824.00,Kiley McSparran,kmcsparranmv@moonfruit.com,Male,1913.00
825.00,Morena Neighbour,mneighbourmw@delicious.com,Female,2012.00
826.00,Kennith Doelle,kdoellemx@oakley.com,Male,1989.00
827.00,Milton Flemming,mflemmingmy@php.net,Male,1938.00
828.00,Dorene Kellington,dkellingtonmz@altervista.org,Female,1941.00
829.00,Natasha Jouning,njouningn0@merriam-webster.com,Female,1963.00
830.00,Upton Caughte,ucaughten1@chron.com,Male,1955.00
831.00,Alli Fines,afinesn2@163.com,Female,1973.00
832.00,Zaria Beadles,zbeadlesn3@wikipedia.org,Female,1935.00
833.00,Sayre Cesconi,scesconin4@arizona.edu,Female,1970.00
834.00,Isaiah Ortler,iortlern5@ucla.edu,Male,1979.00
835.00,Kermit Poynor,kpoynorn6@vistaprint.com,Male,2001.00
836.00,Stevena Bemwell,sbemwelln7@chronoengine.com,Female,2009.00
837.00,Mac Du Plantier,mdun8@sciencedaily.com,Male,1982.00
838.00,Randi Tonbye,rtonbyen9@reuters.com,Female,2010.00
839.00,Rudy Earland,rearlandna@senate.gov,Male,1913.00
840.00,Deanne Ambrogetti,dambrogettinb@eventbrite.com,Agender,1974.00
841.00,Lodovico Blenkinsop,lblenkinsopnc@issuu.com,Male,1916.00
842.00,Livvy Stokell,lstokellnd@t.co,Female,1997.00
843.00,Britta Bruffell,bbruffellne@usnews.com,Female,2011.00
844.00,Bernardine Haydon,bhaydonnf@nih.gov,Female,1977.00
845.00,Laverna Castanone,lcastanoneng@dedecms.com,Female,1913.00
846.00,Nikita Willoughey,nwillougheynh@people.com.cn,Male,1985.00
847.00,Suzy Muckian,smuckianni@homestead.com,Female,1921.00
848.00,Ailee Whenman,awhenmannj@naver.com,Female,1919.00
849.00,Latashia Kamiyama,lkamiyamank@bluehost.com,Female,1957.00
850.00,Athena McCloch,amcclochnl@oaic.gov.au,Female,2008.00
851.00,Annabelle Othen,aothennm@t-online.de,Female,1994.00
852.00,Dina Chatelet,dchateletnn@blogtalkradio.com,Female,1940.00
853.00,Sherlock Somner,ssomnerno@census.gov,Male,1910.00
854.00,Gene Kloss,gklossnp@slideshare.net,Female,1974.00
855.00,Cyndy Temlett,ctemlettnq@toplist.cz,Female,1996.00
856.00,Darla Curm,dcurmnr@clickbank.net,Female,1975.00
857.00,Orren Gearing,ogearingns@bing.com,Male,1983.00
858.00,Abbe Bradford,abradfordnt@w3.org,Female,1938.00
859.00,Shae Elsby,selsbynu@plala.or.jp,Female,1980.00
860.00,Jacinthe Flecknoe,jflecknoenv@mapquest.com,Female,1983.00
861.00,Sosanna Deboy,sdeboynw@123-reg.co.uk,Female,1931.00
862.00,Dore Buxton,dbuxtonnx@rediff.com,Female,1911.00
863.00,Raddie Billingham,rbillinghamny@earthlink.net,Male,2012.00
864.00,Jeremy O'Hdirscoll,johdirscollnz@hostgator.com,Male,1954.00
865.00,Harvey Mulberry,hmulberryo0@toplist.cz,Male,1967.00
866.00,Kitti Renn,krenno1@npr.org,Female,2019.00
867.00,Mateo Richardsson,mrichardssono2@themeforest.net,Male,1976.00
868.00,Bink Leeson,bleesono3@paginegialle.it,Male,1919.00
869.00,Jilleen Sander,jsandero4@weibo.com,Bigender,1974.00
870.00,Victor Glidder,vgliddero5@indiatimes.com,Male,1946.00
871.00,Tobit Kibard,tkibardo6@icq.com,Male,1985.00
872.00,Bjorn Turfitt,bturfitto7@edublogs.org,Male,1952.00
873.00,Salli Blackaller,sblackallero8@nyu.edu,Female,2020.00
874.00,Karalynn Jeanet,kjeaneto9@diigo.com,Female,2010.00
875.00,Tamas Lidell,tlidelloa@studiopress.com,Male,1990.00
876.00,Chicky Suttie,csuttieob@ehow.com,Female,1965.00
877.00,Killie Salaman,ksalamanoc@accuweather.com,Male,2018.00
878.00,Tabb Priver,tpriverod@topsy.com,Male,1947.00
879.00,Deana Matton,dmattonoe@reference.com,Female,1952.00
880.00,Chancey Dimelow,cdimelowof@zdnet.com,Male,1911.00
881.00,Emanuel Kineton,ekinetonog@bing.com,Non-binary,1982.00
882.00,Shirline Ponte,sponteoh@ocn.ne.jp,Female,1982.00
883.00,Ardys Avrahm,aavrahmoi@utexas.edu,Female,1939.00
884.00,Beulah Shenton,bshentonoj@wisc.edu,Female,1940.00
885.00,Thayne Gillean,tgilleanok@spiegel.de,Male,1998.00
886.00,Renaldo Foottit,rfoottitol@jiathis.com,Male,1965.00
887.00,Clayborne Gostling,cgostlingom@amazon.co.uk,Bigender,1944.00
888.00,Udell Livett,ulivetton@qq.com,Male,1910.00
889.00,Lida Denial,ldenialoo@geocities.jp,Female,1982.00
890.00,Erich Avramovsky,eavramovskyop@craigslist.org,Genderfluid,2002.00
891.00,Meris McGlone,mmcgloneoq@infoseek.co.jp,Female,1901.00
892.00,Donall Hulett,dhulettor@intel.com,Male,1912.00
893.00,Brett McKimmey,bmckimmeyos@tamu.edu,Male,2009.00
894.00,Coriss Lantiff,clantiffot@ucsd.edu,Female,2008.00
895.00,Bevvy Moule,bmouleou@spiegel.de,Agender,1986.00
896.00,Ravi Flett,rflettov@alibaba.com,Bigender,1969.00
897.00,Milzie Ingledow,mingledowow@msu.edu,Female,1986.00
898.00,Janella Mumby,jmumbyox@ucsd.edu,Female,1910.00
899.00,Garey MacAloren,gmacalorenoy@upenn.edu,Male,2005.00
900.00,Morissa MacCahee,mmaccaheeoz@studiopress.com,Female,2007.00
901.00,Henderson Breen,hbreenp0@ucla.edu,Male,1971.00
902.00,Loreen Lidell,llidellp1@aboutads.info,Female,1948.00
903.00,Dedra Beston,dbestonp2@networksolutions.com,Female,1994.00
904.00,Tybalt Pauletti,tpaulettip3@merriam-webster.com,Male,1934.00
905.00,Waylon Gerlack,wgerlackp4@meetup.com,Male,1949.00
906.00,Merry Jedrych,mjedrychp5@bandcamp.com,Female,2006.00
907.00,Siusan Pagitt,spagittp6@ihg.com,Female,1975.00
908.00,Kerwin Scanlon,kscanlonp7@guardian.co.uk,Male,1936.00
909.00,Hugues Deacon,hdeaconp8@ow.ly,Male,1919.00
910.00,Philip McGaugey,pmcgaugeyp9@4shared.com,Male,2001.00
911.00,Sigvard Winspire,swinspirepa@apple.com,Male,2017.00
912.00,Madonna Greason,mgreasonpb@oakley.com,Female,1945.00
913.00,Tracie Charteris,tcharterispc@privacy.gov.au,Male,1916.00
914.00,Murdock Richard,mrichardpd@redcross.org,Male,1994.00
915.00,Sidney Colclough,scolcloughpe@patch.com,Male,1988.00
916.00,Gabriellia Klimkin,gklimkinpf@ustream.tv,Female,1948.00
917.00,Traver Durrand,tdurrandpg@illinois.edu,Male,2019.00
918.00,Zara Grafton,zgraftonph@unesco.org,Female,1979.00
919.00,Essie Abdie,eabdiepi@imageshack.us,Female,1926.00
920.00,Muffin Dudney,mdudneypj@hibu.com,Male,1911.00
921.00,Devi Jindracek,djindracekpk@tinyurl.com,Female,1902.00
922.00,Maynord Cheal,mchealpl@earthlink.net,Male,1941.00
923.00,Portie Simak,psimakpm@desdev.cn,Male,1959.00
924.00,Brendon Phizackarley,bphizackarleypn@miitbeian.gov.cn,Male,2004.00
925.00,Harrietta Hexum,hhexumpo@hibu.com,Female,1998.00
926.00,Joshua Dooly,jdoolypp@google.com,Male,1942.00
927.00,Stoddard Peasegod,speasegodpq@goo.ne.jp,Female,1928.00
928.00,Ogden Brotherhead,obrotherheadpr@blog.com,Male,1965.00
929.00,Sileas Shortin,sshortinps@sourceforge.net,Female,1962.00
930.00,De witt Belamy,dwittpt@yale.edu,Male,1987.00
931.00,Gabriele Blackaller,gblackallerpu@mayoclinic.com,Male,2008.00
932.00,Cortney Struijs,cstruijspv@reference.com,Female,1953.00
933.00,Linnell Stradling,lstradlingpw@jalbum.net,Female,1983.00
934.00,Berget Yerrill,byerrillpx@china.com.cn,Female,2020.00
935.00,Mac Lots,mlotspy@mediafire.com,Male,1944.00
936.00,Northrop Bedborough,nbedboroughpz@ifeng.com,Male,1994.00
937.00,Hewet Fusedale,hfusedaleq0@gizmodo.com,Male,1925.00
938.00,Rowan Pinxton,rpinxtonq1@ft.com,Male,1977.00
939.00,Merrilee Awcoate,mawcoateq2@nymag.com,Female,1912.00
940.00,Dory Geraudel,dgeraudelq3@sbwire.com,Female,1950.00
941.00,Cull Guilfoyle,cguilfoyleq4@cmu.edu,Male,1900.00
942.00,Tracy Esom,tesomq5@delicious.com,Male,1945.00
943.00,Siouxie Flacknoe,sflacknoeq6@chronoengine.com,Female,1957.00
944.00,Frannie Offord,foffordq7@economist.com,Female,1938.00
945.00,Jeannette Bareham,jbarehamq8@ucsd.edu,Female,1933.00
946.00,Garrik Verrillo,gverrilloq9@deviantart.com,Male,1966.00
947.00,Thurston Pridden,tpriddenqa@artisteer.com,Male,1978.00
948.00,Maud Rummings,mrummingsqb@unc.edu,Female,1928.00
949.00,Cherida Kayes,ckayesqc@newsvine.com,Female,2015.00
950.00,Agata Trudgian,atrudgianqd@twitter.com,Non-binary,1959.00
951.00,Harriett Rodenburg,hrodenburgqe@histats.com,Female,1949.00
952.00,Chan Kiloh,ckilohqf@godaddy.com,Male,1949.00
953.00,Belinda Vanyard,bvanyardqg@go.com,Female,1994.00
954.00,Penny Wainman,pwainmanqh@abc.net.au,Male,1917.00
955.00,Rozelle Pillinger,rpillingerqi@yellowbook.com,Female,1911.00
956.00,Marshall Maultby,mmaultbyqj@pagesperso-orange.fr,Male,1950.00
957.00,Vernen Comar,vcomarqk@rediff.com,Male,1907.00
958.00,Joe Mowsdell,jmowsdellql@who.int,Agender,1921.00
959.00,Freeland Beamont,fbeamontqm@sakura.ne.jp,Male,1972.00
960.00,Denise Potkin,dpotkinqn@ning.com,Female,1917.00
961.00,Fleming Airton,fairtonqo@princeton.edu,Male,1944.00
962.00,Isaak Ivanshintsev,iivanshintsevqp@time.com,Male,1974.00
963.00,Bebe Genge,bgengeqq@nyu.edu,Female,1916.00
964.00,Lanita McKeighen,lmckeighenqr@qq.com,Female,1929.00
965.00,Felice Trenear,ftrenearqs@prweb.com,Male,1974.00
966.00,Loy Di Ruggiero,ldiqt@godaddy.com,Male,1999.00
967.00,Elvin Culter,eculterqu@msu.edu,Male,1980.00
968.00,Almire Bestwick,abestwickqv@sina.com.cn,Female,2016.00
969.00,Frederick Balsellie,fbalsellieqw@sina.com.cn,Male,1957.00
970.00,Zared Gowdie,zgowdieqx@bluehost.com,Male,1900.00
971.00,Wilhelmine Vince,wvinceqy@forbes.com,Female,1967.00
972.00,Mendie Isaksson,misakssonqz@tmall.com,Male,2011.00
973.00,Victoria Strowger,vstrowgerr0@angelfire.com,Female,1926.00
974.00,Harri Colthard,hcolthardr1@multiply.com,Female,1909.00
975.00,Velvet Stendall,vstendallr2@noaa.gov,Female,1935.00
976.00,Elroy Mingotti,emingottir3@networkadvertising.org,Male,1981.00
977.00,Catha Kyffin,ckyffinr4@rakuten.co.jp,Female,1956.00
978.00,Deloria Calkin,dcalkinr5@blogtalkradio.com,Female,2018.00
979.00,Francine McKinney,fmckinneyr6@istockphoto.com,Female,1982.00
980.00,Mendel Higgen,mhiggenr7@jalbum.net,Male,2019.00
981.00,Taylor Langland,tlanglandr8@squidoo.com,Male,1940.00
982.00,Tabbitha Midford,tmidfordr9@t-online.de,Female,1982.00
983.00,Blanca O'Lochan,bolochanra@eepurl.com,Female,1959.00
984.00,Giacomo Eccersley,geccersleyrb@com.com,Male,1973.00
985.00,Hillery Paish,hpaishrc@squidoo.com,Male,1923.00
986.00,Brennan Strugnell,bstrugnellrd@lulu.com,Male,1917.00
987.00,Nichole Bertomeu,nbertomeure@foxnews.com,Male,1984.00
988.00,Malissa Hertwell,mhertwellrf@engadget.com,Female,1994.00
989.00,Reginald Bartolijn,rbartolijnrg@comcast.net,Male,1967.00
990.00,Domenico Harget,dhargetrh@networksolutions.com,Genderfluid,2019.00
991.00,Adi Buche,abucheri@printfriendly.com,Female,1943.00
992.00,Justen Agerskow,jagerskowrj@pen.io,Male,1988.00
993.00,Marwin Darbyshire,mdarbyshirerk@sciencedaily.com,Male,1959.00
994.00,Ardella Balogun,abalogunrl@spotify.com,Female,2015.00
995.00,Gale Galler,ggallerrm@theatlantic.com,Female,1978.00
996.00,Eugenio Gerrit,egerritrn@wikimedia.org,Male,1944.00
997.00,Care Soot,csootro@nationalgeographic.com,Male,2018.00
998.00,Asa Monksfield,amonksfieldrp@linkedin.com,Male,1942.00
999.00,Kaleb Legan,kleganrq@reuters.com,Male,1975.00
1000.00,Lurlene Zellick,lzellickrr@pagesperso-orange.fr,Female,1905.00
